record_id,Data_json,redacted_data_json,is_pii
1,"{""customer_id"": ""CUST001"", ""phone"": ""9876543210"", ""order_value"": 1299}","{""customer_id"": ""CUST001"", ""phone"": ""98XXXXXX10"", ""order_value"": 1299}",True
2,"{""name"": ""Rajesh Kumar"", ""email"": ""rajesh.kumar@email.com"", ""city"": ""Mumbai""}","{""name"": ""REDACTED_PII"", ""email"": ""REDACTED_PII"", ""city"": ""Mumbai""}",True
3,"{""first_name"": ""Priya"", ""product"": ""iPhone 14"", ""category"": ""Electronics""}","{""first_name"": ""Priya"", ""product"": ""iPhone 14"", ""category"": ""Electronics""}",False
4,"{""aadhar"": ""123456789012"", ""transaction_type"": ""purchase""}","{""aadhar"": ""XXXX XXXX 9012"", ""transaction_type"": ""purchase""}",True
5,"{""email"": ""standalone@email.com"", ""product_id"": ""PROD123""}","{""email"": ""standalone@email.com"", ""product_id"": ""PROD123""}",False
6,"{""name"": ""Amit Singh"", ""address"": ""123 MG Road, Bangalore, 560001"", ""ip_address"": ""192.168.1.100""}","{""name"": ""REDACTED_PII"", ""address"": ""REDACTED_PII"", ""ip_address"": ""REDACTED_PII""}",True
7,"{""city"": ""Delhi"", ""pin_code"": ""110001"", ""product_category"": ""Fashion""}","{""city"": ""Delhi"", ""pin_code"": ""110001"", ""product_category"": ""Fashion""}",False
8,"{""upi_id"": ""user123@paytm"", ""amount"": 500}","{""upi_id"": ""usXXXX@paytm"", ""amount"": 500}",True
9,"{""last_name"": ""Sharma"", ""order_id"": ""ORD789456""}","{""last_name"": ""Sharma"", ""order_id"": ""ORD789456""}",False
10,"{""passport"": ""P1234567"", ""booking_reference"": ""BK123""}","{""passport"": ""PXXXXXXX"", ""booking_reference"": ""BK123""}",True
11,"{""device_id"": ""DEV456789"", ""app_version"": ""2.1.4""}","{""device_id"": ""DEV456789"", ""app_version"": ""2.1.4""}",False
12,"{""name"": ""Sneha Patel"", ""email"": ""sneha.patel@gmail.com"", ""device_id"": ""MOB123456""}","{""name"": ""REDACTED_PII"", ""email"": ""REDACTED_PII"", ""device_id"": ""REDACTED_PII""}",True
13,"{""transaction_id"": ""TXN987654"", ""amount"": 2500, ""status"": ""completed""}","{""transaction_id"": ""TXN987654"", ""amount"": 2500, ""status"": ""completed""}",False
14,"{""phone"": ""8765432109"", ""order_date"": ""2024-01-15""}","{""phone"": ""87XXXXXX09"", ""order_date"": ""2024-01-15""}",True
15,"{""state"": ""Maharashtra"", ""product_name"": ""Laptop Bag""}","{""state"": ""Maharashtra"", ""product_name"": ""Laptop Bag""}",False
16,"{""name"": ""Vikram Reddy"", ""address"": ""456 Brigade Road, Bengaluru, 560025"", ""email"": ""vikram@company.com""}","{""name"": ""REDACTED_PII"", ""address"": ""REDACTED_PII"", ""email"": ""REDACTED_PII""}",True
17,"{""first_name"": ""Anita"", ""last_name_initial"": ""K"", ""age"": 28}","{""first_name"": ""Anita"", ""last_name_initial"": ""K"", ""age"": 28}",False
18,"{""aadhar"": ""987654321098"", ""verification_status"": ""verified""}","{""aadhar"": ""XXXX XXXX 1098"", ""verification_status"": ""verified""}",True
19,"{""email"": ""customer@service.com"", ""query_type"": ""refund""}","{""email"": ""customer@service.com"", ""query_type"": ""refund""}",False
20,"{""upi_id"": ""9123456780@ybl"", ""merchant"": ""Flipkart""}","{""upi_id"": ""91XXXX@ybl"", ""merchant"": ""Flipkart""}",True
21,"{""product_description"": ""Samsung Galaxy S23"", ""price"": 65000}","{""product_description"": ""Samsung Galaxy S23"", ""price"": 65000}",False
22,"{""name"": ""Deepika Agarwal"", ""phone"": ""7890123456"", ""email"": ""deepika@email.com""}","{""name"": ""REDACTED_PII"", ""phone"": ""78XXXXXX56"", ""email"": ""REDACTED_PII""}",True
23,"{""pin_code"": ""400001"", ""delivery_date"": ""2024-02-10""}","{""pin_code"": ""400001"", ""delivery_date"": ""2024-02-10""}",False
24,"{""passport"": ""M9876543"", ""travel_date"": ""2024-03-15""}","{""passport"": ""MXXXXXXX"", ""travel_date"": ""2024-03-15""}",True
25,"{""customer_segment"": ""Premium"", ""loyalty_points"": 1500}","{""customer_segment"": ""Premium"", ""loyalty_points"": 1500}",False
26,"{""name"": ""Ravi Gupta"", ""address"": ""789 Park Street, Kolkata, 700016"", ""ip_address"": ""10.0.0.50""}","{""name"": ""REDACTED_PII"", ""address"": ""REDACTED_PII"", ""ip_address"": ""REDACTED_PII""}",True
27,"{""order_type"": ""Express"", ""shipping_method"": ""same_day""}","{""order_type"": ""Express"", ""shipping_method"": ""same_day""}",False
28,"{""phone"": ""6789012345"", ""sms_consent"": true}","{""phone"": ""67XXXXXX45"", ""sms_consent"": true}",True
29,"{""username"": ""techguru"", ""last_login"": ""2024-01-20""}","{""username"": ""techguru"", ""last_login"": ""2024-01-20""}",False
30,"{""aadhar"": ""456789123045"", ""kyc_status"": ""pending""}","{""aadhar"": ""XXXX XXXX 3045"", ""kyc_status"": ""pending""}",True
31,"{""category"": ""Books"", ""author"": ""Chetan Bhagat""}","{""category"": ""Books"", ""author"": ""Chetan Bhagat""}",False
32,"{""name"": ""Meera Joshi"", ""email"": ""meera.j@workplace.com"", ""device_type"": ""Android""}","{""name"": ""REDACTED_PII"", ""email"": ""REDACTED_PII"", ""device_type"": ""Android""}",True
33,"{""session_id"": ""SESS789123"", ""duration"": ""45 minutes""}","{""session_id"": ""SESS789123"", ""duration"": ""45 minutes""}",False
34,"{""upi_id"": ""merchant@okaxis"", ""payment_method"": ""UPI""}","{""upi_id"": ""meXXXX@okaxis"", ""payment_method"": ""UPI""}",True
35,"{""region"": ""North India"", ""warehouse_code"": ""WH001""}","{""region"": ""North India"", ""warehouse_code"": ""WH001""}",False
36,"{""name"": ""Arjun Malhotra"", ""address"": ""321 Connaught Place, New Delhi, 110001"", ""phone"": ""9012345678""}","{""name"": ""REDACTED_PII"", ""address"": ""REDACTED_PII"", ""phone"": ""90XXXXXX78""}",True
37,"{""subscription_type"": ""Premium"", ""renewal_date"": ""2024-06-15""}","{""subscription_type"": ""Premium"", ""renewal_date"": ""2024-06-15""}",False
38,"{""passport"": ""L5678901"", ""country"": ""India""}","{""passport"": ""LXXXXXXX"", ""country"": ""India""}",True
39,"{""first_name"": ""Kavya"", ""gender"": ""Female"", ""age_group"": ""25-35""}","{""first_name"": ""Kavya"", ""gender"": ""Female"", ""age_group"": ""25-35""}",False
40,"{""aadhar"": ""234567890123"", ""bank_verification"": ""success""}","{""aadhar"": ""XXXX XXXX 0123"", ""bank_verification"": ""success""}",True
41,"{""brand"": ""Nike"", ""model"": ""Air Max"", ""size"": ""9""}","{""brand"": ""Nike"", ""model"": ""Air Max"", ""size"": ""9""}",False
42,"{""name"": ""Siddharth Nair"", ""email"": ""sid.nair@tech.com"", ""ip_address"": ""203.192.1.45""}","{""name"": ""REDACTED_PII"", ""email"": ""REDACTED_PII"", ""ip_address"": ""REDACTED_PII""}",True
43,"{""currency"": ""INR"", ""exchange_rate"": 83.25}","{""currency"": ""INR"", ""exchange_rate"": 83.25}",False
44,"{""phone"": ""8901234567"", ""notification_preference"": ""SMS""}","{""phone"": ""89XXXXXX67"", ""notification_preference"": ""SMS""}",True
45,"{""product_rating"": 4.5, ""review_count"": 150}","{""product_rating"": 4.5, ""review_count"": 150}",False
46,"{""upi_id"": ""familyaccount@ibl"", ""family_size"": 4}","{""upi_id"": ""faXXXX@ibl"", ""family_size"": 4}",True
47,"{""zip_code"": ""560001"", ""delivery_zone"": ""Zone_A""}","{""zip_code"": ""560001"", ""delivery_zone"": ""Zone_A""}",False
48,"{""name"": ""Pooja Desai"", ""address"": ""567 FC Road, Pune, 411016"", ""email"": ""pooja.desai@email.in""}","{""name"": ""REDACTED_PII"", ""address"": ""REDACTED_PII"", ""email"": ""REDACTED_PII""}",True
49,"{""app_name"": ""Flipkart"", ""version"": ""8.21.0""}","{""app_name"": ""Flipkart"", ""version"": ""8.21.0""}",False
50,"{""passport"": ""K1357902"", ""issue_date"": ""2020-05-10""}","{""passport"": ""KXXXXXXX"", ""issue_date"": ""2020-05-10""}",True
51,"{""last_name"": ""Iyer"", ""profession"": ""Software Engineer""}","{""last_name"": ""Iyer"", ""profession"": ""Software Engineer""}",False
52,"{""aadhar"": ""345678901234"", ""address_proof"": ""verified""}","{""aadhar"": ""XXXX XXXX 1234"", ""address_proof"": ""verified""}",True
53,"{""email"": ""support@flipkart.com"", ""ticket_id"": ""TICK456""}","{""email"": ""support@flipkart.com"", ""ticket_id"": ""TICK456""}",False
54,"{""name"": ""Rahul Krishnan"", ""phone"": ""7012345689"", ""device_id"": ""ANDROID789""}","{""name"": ""REDACTED_PII"", ""phone"": ""70XXXXXX89"", ""device_id"": ""REDACTED_PII""}",True
55,"{""search_query"": ""bluetooth headphones"", ""filters"": ""price,brand""}","{""search_query"": ""bluetooth headphones"", ""filters"": ""price,brand""}",False
56,"{""upi_id"": ""8765432101@paytm"", ""auto_debit"": true}","{""upi_id"": ""87XXXX@paytm"", ""auto_debit"": true}",True
57,"{""state_code"": ""MH"", ""gst_number"": ""27ABCDE1234F1Z5""}","{""state_code"": ""MH"", ""gst_number"": ""27ABCDE1234F1Z5""}",False
58,"{""name"": ""Lakshmi Venkat"", ""email"": ""lakshmi.v@company.org"", ""address"": ""890 Anna Salai, Chennai, 600002""}","{""name"": ""REDACTED_PII"", ""email"": ""REDACTED_PII"", ""address"": ""REDACTED_PII""}",True
59,"{""feature_flag"": ""new_checkout"", ""enabled"": true}","{""feature_flag"": ""new_checkout"", ""enabled"": true}",False
60,"{""phone"": ""9345678012"", ""otp_verification"": ""pending""}","{""phone"": ""93XXXXXX12"", ""otp_verification"": ""pending""}",True
61,"{""discount_code"": ""SAVE20"", ""validity"": ""2024-03-31""}","{""discount_code"": ""SAVE20"", ""validity"": ""2024-03-31""}",False
62,"{""passport"": ""A9876543"", ""nationality"": ""Indian""}","{""passport"": ""AXXXXXXX"", ""nationality"": ""Indian""}",True
63,"{""first_name"": ""Rohan"", ""wishlist_count"": 15}","{""first_name"": ""Rohan"", ""wishlist_count"": 15}",False
64,"{""aadhar"": ""567890123456"", ""biometric_status"": ""matched""}","{""aadhar"": ""XXXX XXXX 3456"", ""biometric_status"": ""matched""}",True
65,"{""payment_gateway"": ""Razorpay"", ""transaction_fee"": 25}","{""payment_gateway"": ""Razorpay"", ""transaction_fee"": 25}",False
66,"{""name"": ""Nisha Bansal"", ""address"": ""123 Civil Lines, Jaipur, 302006"", ""ip_address"": ""122.161.49.178""}","{""name"": ""REDACTED_PII"", ""address"": ""REDACTED_PII"", ""ip_address"": ""REDACTED_PII""}",True
67,"{""inventory_id"": ""INV789"", ""stock_level"": 50}","{""inventory_id"": ""INV789"", ""stock_level"": 50}",False
68,"{""upi_id"": ""business@axisbank"", ""merchant_category"": ""retail""}","{""upi_id"": ""buXXXX@axisbank"", ""merchant_category"": ""retail""}",True
69,"{""city"": ""Hyderabad"", ""weather"": ""partly_cloudy""}","{""city"": ""Hyderabad"", ""weather"": ""partly_cloudy""}",False
70,"{""phone"": ""8456789123"", ""call_preference"": ""evening""}","{""phone"": ""84XXXXXX23"", ""call_preference"": ""evening""}",True
71,"{""coupon_code"": ""FIRST10"", ""usage_count"": 1}","{""coupon_code"": ""FIRST10"", ""usage_count"": 1}",False
72,"{""name"": ""Karthik Subramanian"", ""email"": ""karthik.s@work.com"", ""device_type"": ""iOS""}","{""name"": ""REDACTED_PII"", ""email"": ""REDACTED_PII"", ""device_type"": ""iOS""}",True
73,"{""logistics_partner"": ""BlueDart"", ""tracking_id"": ""BD123456789""}","{""logistics_partner"": ""BlueDart"", ""tracking_id"": ""BD123456789""}",False
74,"{""passport"": ""H2468013"", ""expiry_date"": ""2030-12-15""}","{""passport"": ""HXXXXXXX"", ""expiry_date"": ""2030-12-15""}",True
75,"{""age"": 32, ""income_bracket"": ""middle_class""}","{""age"": 32, ""income_bracket"": ""middle_class""}",False
76,"{""aadhar"": ""678901234567"", ""mobile_linked"": true}","{""aadhar"": ""XXXX XXXX 4567"", ""mobile_linked"": true}",True
77,"{""return_reason"": ""size_issue"", ""refund_amount"": 899}","{""return_reason"": ""size_issue"", ""refund_amount"": 899}",False
78,"{""name"": ""Divya Sharma"", ""phone"": ""7123456890"", ""email"": ""divya@personal.com""}","{""name"": ""REDACTED_PII"", ""phone"": ""71XXXXXX90"", ""email"": ""REDACTED_PII""}",True
79,"{""seller_id"": ""SELLER001"", ""rating"": 4.2}","{""seller_id"": ""SELLER001"", ""rating"": 4.2}",False
80,"{""upi_id"": ""shop@hdfcbank"", ""settlement_cycle"": ""T+2""}","{""upi_id"": ""shXXXX@hdfcbank"", ""settlement_cycle"": ""T+2""}",True
81,"{""recommendation_type"": ""collaborative"", ""confidence"": 0.85}","{""recommendation_type"": ""collaborative"", ""confidence"": 0.85}",False
82,"{""name"": ""Manish Agrawal"", ""address"": ""456 Mall Road, Shimla, 171001"", ""email"": ""manish.ag@email.com""}","{""name"": ""REDACTED_PII"", ""address"": ""REDACTED_PII"", ""email"": ""REDACTED_PII""}",True
83,"{""api_version"": ""v2.1"", ""response_time"": ""120ms""}","{""api_version"": ""v2.1"", ""response_time"": ""120ms""}",False
84,"{""phone"": ""9567890123"", ""language_preference"": ""Hindi""}","{""phone"": ""95XXXXXX23"", ""language_preference"": ""Hindi""}",True
85,"{""last_name"": ""Reddy"", ""occupation"": ""Doctor""}","{""last_name"": ""Reddy"", ""occupation"": ""Doctor""}",False
86,"{""passport"": ""T3691470"", ""visa_required"": false}","{""passport"": ""TXXXXXXX"", ""visa_required"": false}",True
87,"{""affiliate_id"": ""AFF789"", ""commission_rate"": 5}","{""affiliate_id"": ""AFF789"", ""commission_rate"": 5}",False
88,"{""aadhar"": ""789012345678"", ""ekyc_timestamp"": ""2024-01-15T10:30:00Z""}","{""aadhar"": ""XXXX XXXX 5678"", ""ekyc_timestamp"": ""2024-01-15T10:30:00Z""}",True
89,"{""utm_source"": ""google"", ""campaign"": ""winter_sale""}","{""utm_source"": ""google"", ""campaign"": ""winter_sale""}",False
90,"{""name"": ""Ananya Rao"", ""email"": ""ananya.rao@university.edu"", ""ip_address"": ""157.49.183.29""}","{""name"": ""REDACTED_PII"", ""email"": ""REDACTED_PII"", ""ip_address"": ""REDACTED_PII""}",True
91,"{""fraud_score"": 0.15, ""risk_level"": ""low""}","{""fraud_score"": 0.15, ""risk_level"": ""low""}",False
92,"{""upi_id"": ""7890123456@ybl"", ""bank_name"": ""State Bank""}","{""upi_id"": ""78XXXX@ybl"", ""bank_name"": ""State Bank""}",True
93,"{""search_filter"": ""electronics"", ""sort_by"": ""price_low_to_high""}","{""search_filter"": ""electronics"", ""sort_by"": ""price_low_to_high""}",False
94,"{""phone"": ""8234567890"", ""two_factor_auth"": true}","{""phone"": ""82XXXXXX90"", ""two_factor_auth"": true}",True
95,"{""first_name"": ""Arun"", ""cart_value"": 2500}","{""first_name"": ""Arun"", ""cart_value"": 2500}",False
96,"{""name"": ""Preeti Kulkarni"", ""address"": ""789 Law Garden, Ahmedabad, 380006"", ""phone"": ""6789012345""}","{""name"": ""REDACTED_PII"", ""address"": ""REDACTED_PII"", ""phone"": ""67XXXXXX45""}",True
97,"{""machine_learning_model"": ""recommendation_v3"", ""accuracy"": 0.92}","{""machine_learning_model"": ""recommendation_v3"", ""accuracy"": 0.92}",False
98,"{""passport"": ""R7410852"", ""place_of_issue"": ""Mumbai""}","{""passport"": ""RXXXXXXX"", ""place_of_issue"": ""Mumbai""}",True
99,"{""city"": ""Bangalore"", ""traffic_condition"": ""moderate""}","{""city"": ""Bangalore"", ""traffic_condition"": ""moderate""}",False
100,"{""aadhar"": ""890123456789"", ""consent_given"": true}","{""aadhar"": ""XXXX XXXX 6789"", ""consent_given"": true}",True
101,"{""email"": ""newsletter@flipkart.com"", ""unsubscribe_rate"": 0.02}","{""email"": ""newsletter@flipkart.com"", ""unsubscribe_rate"": 0.02}",False
102,"{""name"": ""Suresh Pillai"", ""email"": ""suresh.pillai@office.com"", ""device_id"": ""TAB456789""}","{""name"": ""REDACTED_PII"", ""email"": ""REDACTED_PII"", ""device_id"": ""REDACTED_PII""}",True
103,"{""performance_metric"": ""page_load_time"", ""value"": ""2.1s""}","{""performance_metric"": ""page_load_time"", ""value"": ""2.1s""}",False
104,"{""upi_id"": ""quickpay@kotak"", ""limit_daily"": 50000}","{""upi_id"": ""quXXXX@kotak"", ""limit_daily"": 50000}",True
105,"{""last_name"": ""Gupta"", ""education"": ""MBA""}","{""last_name"": ""Gupta"", ""education"": ""MBA""}",False
106,"{""phone"": ""7901234567"", ""marketing_consent"": false}","{""phone"": ""79XXXXXX67"", ""marketing_consent"": false}",True
107,"{""analytics_event"": ""product_view"", ""timestamp"": ""2024-01-20T14:22:33Z""}","{""analytics_event"": ""product_view"", ""timestamp"": ""2024-01-20T14:22:33Z""}",False
108,"{""name"": ""Rashmi Jain"", ""address"": ""321 Residency Road, Mysore, 570001"", ""email"": ""rashmi@workplace.in""}","{""name"": ""REDACTED_PII"", ""address"": ""REDACTED_PII"", ""email"": ""REDACTED_PII""}",True
109,"{""cache_hit_ratio"": 0.78, ""response_cached"": true}","{""cache_hit_ratio"": 0.78, ""response_cached"": true}",False
110,"{""passport"": ""S9630741"", ""passport_type"": ""ordinary""}","{""passport"": ""SXXXXXXX"", ""passport_type"": ""ordinary""}",True
111,"{""first_name"": ""Vivek"", ""subscription_status"": ""active""}","{""first_name"": ""Vivek"", ""subscription_status"": ""active""}",False
112,"{""aadhar"": ""901234567890"", ""demographic_verified"": true}","{""aadhar"": ""XXXX XXXX 7890"", ""demographic_verified"": true}",True
113,"{""a_b_test"": ""checkout_flow_v2"", ""variant"": ""B""}","{""a_b_test"": ""checkout_flow_v2"", ""variant"": ""B""}",False
114,"{""name"": ""Kavita Menon"", ""phone"": ""8345678901"", ""email"": ""kavita.menon@gmail.com""}","{""name"": ""REDACTED_PII"", ""phone"": ""83XXXXXX01"", ""email"": ""REDACTED_PII""}",True
115,"{""geo_location"": ""lat:12.9716,lng:77.5946"", ""accuracy"": ""10m""}","{""geo_location"": ""lat:12.9716,lng:77.5946"", ""accuracy"": ""10m""}",False
116,"{""upi_id"": ""6543210987@paytm"", ""merchant_type"": ""individual""}","{""upi_id"": ""65XXXX@paytm"", ""merchant_type"": ""individual""}",True
117,"{""database_query"": ""SELECT * FROM products"", ""execution_time"": ""45ms""}","{""database_query"": ""SELECT * FROM products"", ""execution_time"": ""45ms""}",False
118,"{""phone"": ""9876543210"", ""device_brand"": ""Samsung""}","{""phone"": ""98XXXXXX10"", ""device_brand"": ""Samsung""}",True
119,"{""last_name"": ""Singh"", ""marital_status"": ""married""}","{""last_name"": ""Singh"", ""marital_status"": ""married""}",False
120,"{""name"": ""Aarav Pandey"", ""address"": ""654 Station Road, Lucknow, 226001"", ""ip_address"": ""49.15.183.91""}","{""name"": ""REDACTED_PII"", ""address"": ""REDACTED_PII"", ""ip_address"": ""REDACTED_PII""}",True
121,"{""content_type"": ""application/json"", ""encoding"": ""utf-8""}","{""content_type"": ""application/json"", ""encoding"": ""utf-8""}",False
122,"{""passport"": ""Q8527419"", ""biometric_enrolled"": true}","{""passport"": ""QXXXXXXX"", ""biometric_enrolled"": true}",True
123,"{""city"": ""Coimbatore"", ""pincode"": ""641001""}","{""city"": ""Coimbatore"", ""pincode"": ""641001""}",False
124,"{""aadhar"": ""012345678901"", ""otp_verified"": true}","{""aadhar"": ""XXXX XXXX 8901"", ""otp_verified"": true}",True
125,"{""recommendation_engine"": ""neural_cf"", ""training_date"": ""2024-01-01""}","{""recommendation_engine"": ""neural_cf"", ""training_date"": ""2024-01-01""}",False
126,"{""name"": ""Geetha Raman"", ""email"": ""geetha.raman@company.com"", ""device_type"": ""Desktop""}","{""name"": ""REDACTED_PII"", ""email"": ""REDACTED_PII"", ""device_type"": ""Desktop""}",True
127,"{""webhook_url"": ""https://api.example.com/webhook"", ""status"": ""active""}","{""webhook_url"": ""https://api.example.com/webhook"", ""status"": ""active""}",False
128,"{""upi_id"": ""shopping@icici"", ""autopay_enabled"": false}","{""upi_id"": ""shXXXX@icici"", ""autopay_enabled"": false}",True
129,"{""first_name"": ""Mohit"", ""preferred_language"": ""English""}","{""first_name"": ""Mohit"", ""preferred_language"": ""English""}",False
130,"{""phone"": ""7456789012"", ""carrier"": ""Airtel""}","{""phone"": ""74XXXXXX12"", ""carrier"": ""Airtel""}",True
131,"{""inventory_turnover"": 4.2, ""stock_out_rate"": 0.08}","{""inventory_turnover"": 4.2, ""stock_out_rate"": 0.08}",False
132,"{""name"": ""Shweta Kapoor"", ""address"": ""987 Sector 15, Noida, 201301"", ""phone"": ""8012345679""}","{""name"": ""REDACTED_PII"", ""address"": ""REDACTED_PII"", ""phone"": ""80XXXXXX79""}",True
133,"{""service_level"": ""premium"", ""response_time_sla"": ""< 1 hour""}","{""service_level"": ""premium"", ""response_time_sla"": ""< 1 hour""}",False
134,"{""passport"": ""B1472583"", ""emergency_contact"": ""+91-9876543210""}","{""passport"": ""BXXXXXXX"", ""emergency_contact"": ""+91-9876543210""}",True
135,"{""last_name"": ""Nair"", ""hobby"": ""photography""}","{""last_name"": ""Nair"", ""hobby"": ""photography""}",False
136,"{""aadhar"": ""123450987654"", ""photo_verification"": ""passed""}","{""aadhar"": ""XXXX XXXX 7654"", ""photo_verification"": ""passed""}",True
137,"{""feature_toggle"": ""new_ui"", ""rollout_percentage"": 25}","{""feature_toggle"": ""new_ui"", ""rollout_percentage"": 25}",False
138,"{""name"": ""Harish Kumar"", ""email"": ""harish.kumar@tech.org"", ""ip_address"": ""203.88.138.42""}","{""name"": ""REDACTED_PII"", ""email"": ""REDACTED_PII"", ""ip_address"": ""REDACTED_PII""}",True
139,"{""data_pipeline"": ""etl_v2"", ""processed_records"": 1000000}","{""data_pipeline"": ""etl_v2"", ""processed_records"": 1000000}",False
140,"{""upi_id"": ""5432109876@ybl"", ""transaction_limit"": 100000}","{""upi_id"": ""54XXXX@ybl"", ""transaction_limit"": 100000}",True
141,"{""search_algorithm"": ""elasticsearch"", ""index_size"": ""2.5GB""}","{""search_algorithm"": ""elasticsearch"", ""index_size"": ""2.5GB""}",False
142,"{""phone"": ""9123456789"", ""roaming_status"": false}","{""phone"": ""91XXXXXX89"", ""roaming_status"": false}",True
143,"{""city"": ""Kochi"", ""state"": ""Kerala""}","{""city"": ""Kochi"", ""state"": ""Kerala""}",False
144,"{""name"": ""Ritika Saxena"", ""address"": ""234 Park Avenue, Gurgaon, 122001"", ""email"": ""ritika@company.net""}","{""name"": ""REDACTED_PII"", ""address"": ""REDACTED_PII"", ""email"": ""REDACTED_PII""}",True
145,"{""microservice"": ""user_service"", ""health_status"": ""healthy""}","{""microservice"": ""user_service"", ""health_status"": ""healthy""}",False
146,"{""passport"": ""N6385207"", ""pages_remaining"": 28}","{""passport"": ""NXXXXXXX"", ""pages_remaining"": 28}",True
147,"{""first_name"": ""Deepak"", ""loyalty_tier"": ""gold""}","{""first_name"": ""Deepak"", ""loyalty_tier"": ""gold""}",False
148,"{""aadhar"": ""234561098765"", ""fingerprint_matched"": true}","{""aadhar"": ""XXXX XXXX 8765"", ""fingerprint_matched"": true}",True
149,"{""cdn_cache"": ""cloudflare"", ""hit_ratio"": 0.89}","{""cdn_cache"": ""cloudflare"", ""hit_ratio"": 0.89}",False
150,"{""name"": ""Priyanka Choudhary"", ""phone"": ""7890123456"", ""email"": ""priyanka.c@personal.in""}","{""name"": ""REDACTED_PII"", ""phone"": ""78XXXXXX56"", ""email"": ""REDACTED_PII""}",True
151,"{""log_level"": ""INFO"", ""message"": ""Transaction completed successfully""}","{""log_level"": ""INFO"", ""message"": ""Transaction completed successfully""}",False
152,"{""upi_id"": ""family@sbi"", ""beneficiary_count"": 3}","{""upi_id"": ""faXXXX@sbi"", ""beneficiary_count"": 3}",True
153,"{""machine_id"": ""ML789"", ""cpu_utilization"": 65}","{""machine_id"": ""ML789"", ""cpu_utilization"": 65}",False
154,"{""phone"": ""8567890123"", ""do_not_disturb"": true}","{""phone"": ""85XXXXXX23"", ""do_not_disturb"": true}",True
155,"{""last_name"": ""Mishra"", ""department"": ""Engineering""}","{""last_name"": ""Mishra"", ""department"": ""Engineering""}",False
156,"{""name"": ""Aditi Bhatt"", ""address"": ""567 Race Course Road, Bangalore, 560001"", ""ip_address"": ""117.196.143.73""}","{""name"": ""REDACTED_PII"", ""address"": ""REDACTED_PII"", ""ip_address"": ""REDACTED_PII""}",True
157,"{""kubernetes_pod"": ""api-server-v2"", ""replicas"": 3}","{""kubernetes_pod"": ""api-server-v2"", ""replicas"": 3}",False
158,"{""passport"": ""G7418529"", ""sponsor_required"": false}","{""passport"": ""GXXXXXXX"", ""sponsor_required"": false}",True
159,"{""city"": ""Indore"", ""region"": ""Central India""}","{""city"": ""Indore"", ""region"": ""Central India""}",False
160,"{""aadhar"": ""345672109876"", ""iris_scan"": ""verified""}","{""aadhar"": ""XXXX XXXX 9876"", ""iris_scan"": ""verified""}",True
161,"{""email"": ""admin@system.com"", ""role"": ""system_admin""}","{""email"": ""admin@system.com"", ""role"": ""system_admin""}",False
162,"{""name"": ""Sameer Joshi"", ""email"": ""sameer.joshi@workplace.com"", ""device_id"": ""LAPTOP123""}","{""name"": ""REDACTED_PII"", ""email"": ""REDACTED_PII"", ""device_id"": ""REDACTED_PII""}",True
163,"{""ssl_certificate"": ""valid"", ""expiry"": ""2024-12-31""}","{""ssl_certificate"": ""valid"", ""expiry"": ""2024-12-31""}",False
164,"{""upi_id"": ""4321098765@okaxis"", ""insurance_linked"": true}","{""upi_id"": ""43XXXX@okaxis"", ""insurance_linked"": true}",True
165,"{""first_name"": ""Neha"", ""age_verification"": ""completed""}","{""first_name"": ""Neha"", ""age_verification"": ""completed""}",False
166,"{""phone"": ""9234567890"", ""backup_number"": ""+91-8765432109""}","{""phone"": ""92XXXXXX90"", ""backup_number"": ""+91-8765432109""}",True
167,"{""monitoring_alert"": ""high_memory_usage"", ""threshold_exceeded"": true}","{""monitoring_alert"": ""high_memory_usage"", ""threshold_exceeded"": true}",False
168,"{""name"": ""Vishal Agarwal"", ""address"": ""890 Commercial Street, Bangalore, 560001"", ""phone"": ""7345678901""}","{""name"": ""REDACTED_PII"", ""address"": ""REDACTED_PII"", ""phone"": ""73XXXXXX01""}",True
169,"{""load_balancer"": ""nginx"", ""upstream_servers"": 4}","{""load_balancer"": ""nginx"", ""upstream_servers"": 4}",False
170,"{""passport"": ""F0741963"", ""travel_history"": ""USA,UAE,UK""}","{""passport"": ""FXXXXXXX"", ""travel_history"": ""USA,UAE,UK""}",True
171,"{""last_name"": ""Patel"", ""blood_group"": ""O+""}","{""last_name"": ""Patel"", ""blood_group"": ""O+""}",False
173,"{""api_rate_limit"": 1000, ""current_usage"": 245}","{""api_rate_limit"": 1000, ""current_usage"": 245}",False
174,"{""name"": ""Anjali Verma"", ""email"": ""anjali.verma@office.in"", ""ip_address"": ""59.144.123.67""}","{""name"": ""REDACTED_PII"", ""email"": ""REDACTED_PII"", ""ip_address"": ""REDACTED_PII""}",True
175,"{""database_connection"": ""mysql"", ""pool_size"": 20}","{""database_connection"": ""mysql"", ""pool_size"": 20}",False
176,"{""upi_id"": ""wallet@phonepe"", ""balance_inquiry"": true}","{""upi_id"": ""waXXXX@phonepe"", ""balance_inquiry"": true}",True
177,"{""city"": ""Nagpur"", ""timezone"": ""Asia/Kolkata""}","{""city"": ""Nagpur"", ""timezone"": ""Asia/Kolkata""}",False
178,"{""phone"": ""8901234567"", ""international_roaming"": false}","{""phone"": ""89XXXXXX67"", ""international_roaming"": false}",True
179,"{""first_name"": ""Rakesh"", ""credit_score"": 750}","{""first_name"": ""Rakesh"", ""credit_score"": 750}",False
180,"{""name"": ""Sunita Devi"", ""address"": ""123 Gandhi Nagar, Patna, 800001"", ""email"": ""sunita.devi@email.org""}","{""name"": ""REDACTED_PII"", ""address"": ""REDACTED_PII"", ""email"": ""REDACTED_PII""}",True
181,"{""message_queue"": ""rabbitmq"", ""queue_depth"": 150}","{""message_queue"": ""rabbitmq"", ""queue_depth"": 150}",False
182,"{""passport"": ""V2581470"", ""diplomatic_status"": false}","{""passport"": ""VXXXXXXX"", ""diplomatic_status"": false}",True
183,"{""last_name"": ""Yadav"", ""experience"": ""5 years""}","{""last_name"": ""Yadav"", ""experience"": ""5 years""}",False
185,"{""security_scan"": ""passed"", ""vulnerabilities_found"": 0}","{""security_scan"": ""passed"", ""vulnerabilities_found"": 0}",False
186,"{""name"": ""Ritu Singh"", ""phone"": ""6789012345"", ""email"": ""ritu.singh@company.com""}","{""name"": ""REDACTED_PII"", ""phone"": ""67XXXXXX45"", ""email"": ""REDACTED_PII""}",True
187,"{""container_registry"": ""docker_hub"", ""image_version"": ""v1.2.3""}","{""container_registry"": ""docker_hub"", ""image_version"": ""v1.2.3""}",False
188,"{""upi_id"": ""3210987654@paytm"", ""pin_change_required"": false}","{""upi_id"": ""32XXXX@paytm"", ""pin_change_required"": false}",True
189,"{""city"": ""Chandigarh"", ""weather_forecast"": ""sunny""}","{""city"": ""Chandigarh"", ""weather_forecast"": ""sunny""}",False
190,"{""phone"": ""7678901234"", ""fiber_connection"": true}","{""phone"": ""76XXXXXX34"", ""fiber_connection"": true}",True
191,"{""first_name"": ""Manoj"", ""vehicle_type"": ""sedan""}","{""first_name"": ""Manoj"", ""vehicle_type"": ""sedan""}",False
192,"{""name"": ""Kavitha Reddy"", ""address"": ""456 Jubilee Hills, Hyderabad, 500033"", ""ip_address"": ""14.139.56.78""}","{""name"": ""REDACTED_PII"", ""address"": ""REDACTED_PII"", ""ip_address"": ""REDACTED_PII""}",True
193,"{""elastic_search"": ""cluster_healthy"", ""nodes"": 5}","{""elastic_search"": ""cluster_healthy"", ""nodes"": 5}",False
194,"{""passport"": ""J9637410"", ""minor_dependent"": false}","{""passport"": ""JXXXXXXX"", ""minor_dependent"": false}",True
195,"{""last_name"": ""Jain"", ""dietary_preference"": ""vegetarian""}","{""last_name"": ""Jain"", ""dietary_preference"": ""vegetarian""}",False
196,"{""aadhar"": ""678905432109"", ""family_head"": true}","{""aadhar"": ""XXXX XXXX 2109"", ""family_head"": true}",True
197,"{""prometheus_metric"": ""http_requests_total"", ""value"": 50000}","{""prometheus_metric"": ""http_requests_total"", ""value"": 50000}",False
198,"{""name"": ""Abhishek Tiwari"", ""email"": ""abhishek.tiwari@work.com"", ""device_type"": ""Mobile""}","{""name"": ""REDACTED_PII"", ""email"": ""REDACTED_PII"", ""device_type"": ""Mobile""}",True
199,"{""grafana_dashboard"": ""system_overview"", ""panels"": 12}","{""grafana_dashboard"": ""system_overview"", ""panels"": 12}",False
200,"{""upi_id"": ""savings@unionbank"", ""interest_rate"": 3.5}","{""upi_id"": ""saXXXX@unionbank"", ""interest_rate"": 3.5}",True
201,"{""city"": ""Bhopal"", ""air_quality"": ""moderate""}","{""city"": ""Bhopal"", ""air_quality"": ""moderate""}",False
202,"{""phone"": ""9012345678"", ""plan_type"": ""postpaid""}","{""phone"": ""90XXXXXX78"", ""plan_type"": ""postpaid""}",True
203,"{""first_name"": ""Shalini"", ""favorite_color"": ""blue""}","{""first_name"": ""Shalini"", ""favorite_color"": ""blue""}",False
204,"{""name"": ""Rohit Malhotra"", ""address"": ""789 CP Street, New Delhi, 110001"", ""phone"": ""8123456790""}","{""name"": ""REDACTED_PII"", ""address"": ""REDACTED_PII"", ""phone"": ""81XXXXXX90""}",True
205,"{""jenkins_build"": ""successful"", ""build_number"": 156}","{""jenkins_build"": ""successful"", ""build_number"": 156}",False
207,"{""last_name"": ""Chopra"", ""shoe_size"": 9}","{""last_name"": ""Chopra"", ""shoe_size"": 9}",False
208,"{""aadhar"": ""789016543210"", ""nomination_updated"": true}","{""aadhar"": ""XXXX XXXX 3210"", ""nomination_updated"": true}",True
209,"{""terraform_state"": ""applied"", ""resources"": 23}","{""terraform_state"": ""applied"", ""resources"": 23}",False
210,"{""name"": ""Shilpa Shetty"", ""email"": ""shilpa.shetty@personal.com"", ""ip_address"": ""122.161.85.94""}","{""name"": ""REDACTED_PII"", ""email"": ""REDACTED_PII"", ""ip_address"": ""REDACTED_PII""}",True
211,"{""ansible_playbook"": ""deploy_app"", ""tasks"": 15}","{""ansible_playbook"": ""deploy_app"", ""tasks"": 15}",False
212,"{""upi_id"": ""2109876543@ybl"", ""kyc_level"": ""full""}","{""upi_id"": ""21XXXX@ybl"", ""kyc_level"": ""full""}",True
213,"{""city"": ""Vadodara"", ""population"": 1670000}","{""city"": ""Vadodara"", ""population"": 1670000}",False
214,"{""phone"": ""8456789012"", ""signal_strength"": ""-65dBm""}","{""phone"": ""84XXXXXX12"", ""signal_strength"": ""-65dBm""}",True
215,"{""first_name"": ""Gaurav"", ""t_shirt_size"": ""L""}","{""first_name"": ""Gaurav"", ""t_shirt_size"": ""L""}",False
216,"{""name"": ""Madhuri Dixit"", ""address"": ""321 Film City, Mumbai, 400059"", ""email"": ""madhuri@bollywood.com""}","{""name"": ""REDACTED_PII"", ""address"": ""REDACTED_PII"", ""email"": ""REDACTED_PII""}",True
217,"{""docker_compose"": ""version_3"", ""services"": 8}","{""docker_compose"": ""version_3"", ""services"": 8}",False
218,"{""passport"": ""I1597532"", ""blood_type"": ""A+""}","{""passport"": ""IXXXXXXX"", ""blood_type"": ""A+""}",True
219,"{""last_name"": ""Bansal"", ""coffee_preference"": ""cappuccino""}","{""last_name"": ""Bansal"", ""coffee_preference"": ""cappuccino""}",False
220,"{""aadhar"": ""890127654321"", ""senior_citizen"": false}","{""aadhar"": ""XXXX XXXX 4321"", ""senior_citizen"": false}",True
221,"{""nagios_check"": ""ok"", ""last_check"": ""2024-01-20T15:30:00Z""}","{""nagios_check"": ""ok"", ""last_check"": ""2024-01-20T15:30:00Z""}",False
222,"{""name"": ""Nikhil Sharma"", ""phone"": ""7234567890"", ""email"": ""nikhil.sharma@tech.in""}","{""name"": ""REDACTED_PII"", ""phone"": ""72XXXXXX90"", ""email"": ""REDACTED_PII""}",True
223,"{""zabbix_host"": ""web_server_01"", ""status"": ""monitored""}","{""zabbix_host"": ""web_server_01"", ""status"": ""monitored""}",False
224,"{""upi_id"": ""business@yesbank"", ""gst_registered"": true}","{""upi_id"": ""buXXXX@yesbank"", ""gst_registered"": true}",True
225,"{""city"": ""Surat"", ""textile_hub"": true}","{""city"": ""Surat"", ""textile_hub"": true}",False
226,"{""phone"": ""9345678012"", ""voicemail_enabled"": false}","{""phone"": ""93XXXXXX12"", ""voicemail_enabled"": false}",True
227,"{""first_name"": ""Pooja"", ""pet_name"": ""Bruno""}","{""first_name"": ""Pooja"", ""pet_name"": ""Bruno""}",False
228,"{""name"": ""Kiran Kumar"", ""address"": ""654 Residency Road, Mysore, 570001"", ""ip_address"": ""203.192.214.156""}","{""name"": ""REDACTED_PII"", ""address"": ""REDACTED_PII"", ""ip_address"": ""REDACTED_PII""}",True
229,"{""splunk_index"": ""main"", ""events_per_day"": 1000000}","{""splunk_index"": ""main"", ""events_per_day"": 1000000}",False
230,"{""passport"": ""O8529637"", ""dual_citizenship"": false}","{""passport"": ""OXXXXXXX"", ""dual_citizenship"": false}",True
231,"{""last_name"": ""Agrawal"", ""music_preference"": ""classical""}","{""last_name"": ""Agrawal"", ""music_preference"": ""classical""}",False
232,"{""aadhar"": ""901238765432"", ""disability_certificate"": false}","{""aadhar"": ""XXXX XXXX 5432"", ""disability_certificate"": false}",True
233,"{""elk_stack"": ""7.10.2"", ""log_retention"": ""30_days""}","{""elk_stack"": ""7.10.2"", ""log_retention"": ""30_days""}",False
234,"{""name"": ""Swati Nanda"", ""email"": ""swati.nanda@university.ac.in"", ""device_id"": ""STU789123""}","{""name"": ""REDACTED_PII"", ""email"": ""REDACTED_PII"", ""device_id"": ""REDACTED_PII""}",True
235,"{""redis_cache"": ""cluster_mode"", ""memory_usage"": ""2.1GB""}","{""redis_cache"": ""cluster_mode"", ""memory_usage"": ""2.1GB""}",False
236,"{""upi_id"": ""1098765432@paytm"", ""fraud_alert"": false}","{""upi_id"": ""10XXXX@paytm"", ""fraud_alert"": false}",True
237,"{""city"": ""Jodhpur"", ""heritage_site"": true}","{""city"": ""Jodhpur"", ""heritage_site"": true}",False
238,"{""phone"": ""8678901234"", ""emergency_contact"": true}","{""phone"": ""86XXXXXX34"", ""emergency_contact"": true}",True
239,"{""first_name"": ""Arpit"", ""gaming_preference"": ""FPS""}","{""first_name"": ""Arpit"", ""gaming_preference"": ""FPS""}",False
240,"{""name"": ""Geeta Patel"", ""address"": ""987 Law Garden Road, Ahmedabad, 380006"", ""phone"": ""6890123457""}","{""name"": ""REDACTED_PII"", ""address"": ""REDACTED_PII"", ""phone"": ""68XXXXXX57""}",True
241,"{""memcached"": ""1.6.9"", ""hit_ratio"": 0.84}","{""memcached"": ""1.6.9"", ""hit_ratio"": 0.84}",False
242,"{""passport"": ""U6174829"", ""organ_donor"": true}","{""passport"": ""UXXXXXXX"", ""organ_donor"": true}",True
243,"{""last_name"": ""Kulkarni"", ""sports_preference"": ""cricket""}","{""last_name"": ""Kulkarni"", ""sports_preference"": ""cricket""}",False
244,"{""aadhar"": ""012347896543"", ""pan_linked"": true}","{""aadhar"": ""XXXX XXXX 6543"", ""pan_linked"": true}",True
245,"{""fluentd_buffer"": ""file"", ""buffer_size"": ""256MB""}","{""fluentd_buffer"": ""file"", ""buffer_size"": ""256MB""}",False
246,"{""name"": ""Tarun Goel"", ""email"": ""tarun.goel@startup.io"", ""ip_address"": ""49.15.227.83""}","{""name"": ""REDACTED_PII"", ""email"": ""REDACTED_PII"", ""ip_address"": ""REDACTED_PII""}",True
247,"{""haproxy_backend"": ""app_servers"", ""active_servers"": 6}","{""haproxy_backend"": ""app_servers"", ""active_servers"": 6}",False
248,"{""upi_id"": ""0987654321@okaxis"", ""reward_points"": 2500}","{""upi_id"": ""09XXXX@okaxis"", ""reward_points"": 2500}",True
249,"{""city"": ""Agra"", ""monument"": ""Taj Mahal""}","{""city"": ""Agra"", ""monument"": ""Taj Mahal""}",False
250,"{""phone"": ""7789012345"", ""data_plan"": ""unlimited""}","{""phone"": ""77XXXXXX45"", ""data_plan"": ""unlimited""}",True
251,"{""first_name"": ""Shruti"", ""zodiac_sign"": ""Leo""}","{""first_name"": ""Shruti"", ""zodiac_sign"": ""Leo""}",False
252,"{""name"": ""Varun Dhawan"", ""address"": ""123 Linking Road, Mumbai, 400050"", ""email"": ""varun@actor.com""}","{""name"": ""REDACTED_PII"", ""address"": ""REDACTED_PII"", ""email"": ""REDACTED_PII""}",True
253,"{""cassandra_cluster"": ""3_nodes"", ""replication_factor"": 3}","{""cassandra_cluster"": ""3_nodes"", ""replication_factor"": 3}",False
254,"{""passport"": ""Z3681470"", ""machine_readable"": true}","{""passport"": ""ZXXXXXXX"", ""machine_readable"": true}",True
255,"{""last_name"": ""Sinha"", ""reading_habit"": ""fiction""}","{""last_name"": ""Sinha"", ""reading_habit"": ""fiction""}",False
256,"{""aadhar"": ""123498765432"", ""uan_linked"": true}","{""aadhar"": ""XXXX XXXX 5432"", ""uan_linked"": true}",True
257,"{""neo4j_database"": ""graph_analytics"", ""node_count"": 50000}","{""neo4j_database"": ""graph_analytics"", ""node_count"": 50000}",False
258,"{""name"": ""Ritesh Deshmukh"", ""phone"": ""9876543210"", ""email"": ""ritesh@film.in""}","{""name"": ""REDACTED_PII"", ""phone"": ""98XXXXXX10"", ""email"": ""REDACTED_PII""}",True
259,"{""apache_kafka"": ""2.8.0"", ""topics"": 25}","{""apache_kafka"": ""2.8.0"", ""topics"": 25}",False
260,"{""upi_id"": ""9876543210@ibl"", ""standing_instruction"": true}","{""upi_id"": ""98XXXX@ibl"", ""standing_instruction"": true}",True
261,"{""city"": ""Guwahati"", ""tea_capital"": true}","{""city"": ""Guwahati"", ""tea_capital"": true}",False
262,"{""phone"": ""6123456789"", ""hotspot_enabled"": true}","{""phone"": ""61XXXXXX89"", ""hotspot_enabled"": true}",True
263,"{""first_name"": ""Tanvi"", ""dance_form"": ""bharatanatyam""}","{""first_name"": ""Tanvi"", ""dance_form"": ""bharatanatyam""}",False
264,"{""name"": ""Sachin Tendulkar"", ""address"": ""456 Perry Cross Road, Mumbai, 400050"", ""ip_address"": ""203.88.142.91""}","{""name"": ""REDACTED_PII"", ""address"": ""REDACTED_PII"", ""ip_address"": ""REDACTED_PII""}",True
265,"{""airflow_dag"": ""data_pipeline"", ""schedule_interval"": ""@daily""}","{""airflow_dag"": ""data_pipeline"", ""schedule_interval"": ""@daily""}",False
266,"{""passport"": ""W9527413"", ""special_endorsement"": false}","{""passport"": ""WXXXXXXX"", ""special_endorsement"": false}",True
267,"{""last_name"": ""Pandey"", ""cooking_skill"": ""intermediate""}","{""last_name"": ""Pandey"", ""cooking_skill"": ""intermediate""}",False
268,"{""aadhar"": ""234509876543"", ""ration_card_linked"": true}","{""aadhar"": ""XXXX XXXX 6543"", ""ration_card_linked"": true}",True
269,"{""spark_cluster"": ""4_workers"", ""memory"": ""16GB""}","{""spark_cluster"": ""4_workers"", ""memory"": ""16GB""}",False
270,"{""name"": ""Alia Bhatt"", ""email"": ""alia@bollywood.in"", ""device_type"": ""iPhone""}","{""name"": ""REDACTED_PII"", ""email"": ""REDACTED_PII"", ""device_type"": ""iPhone""}",True
271,"{""hdfs_replication"": 3, ""block_size"": ""128MB""}","{""hdfs_replication"": 3, ""block_size"": ""128MB""}",False
272,"{""upi_id"": ""8765432109@ybl"", ""max_transaction_limit"": 200000}","{""upi_id"": ""87XXXX@ybl"", ""max_transaction_limit"": 200000}",True
273,"{""city"": ""Dehradun"", ""hill_station"": true}","{""city"": ""Dehradun"", ""hill_station"": true}",False
274,"{""phone"": ""9567890123"", ""call_forwarding"": false}","{""phone"": ""95XXXXXX23"", ""call_forwarding"": false}",True
275,"{""first_name"": ""Yash"", ""favorite_cuisine"": ""Italian""}","{""first_name"": ""Yash"", ""favorite_cuisine"": ""Italian""}",False
276,"{""name"": ""Deepika Padukone"", ""address"": ""789 Bandra West, Mumbai, 400050"", ""phone"": ""8901234567""}","{""name"": ""REDACTED_PII"", ""address"": ""REDACTED_PII"", ""phone"": ""89XXXXXX67""}",True
277,"{""mongodb_replica"": ""primary"", ""oplog_size"": ""2GB""}","{""mongodb_replica"": ""primary"", ""oplog_size"": ""2GB""}",False
278,"{""passport"": ""E4702581"", ""chip_enabled"": true}","{""passport"": ""EXXXXXXX"", ""chip_enabled"": true}",True
279,"{""last_name"": ""Gupta"", ""travel_frequency"": ""frequent""}","{""last_name"": ""Gupta"", ""travel_frequency"": ""frequent""}",False
280,"{""aadhar"": ""345608976543"", ""voter_id_linked"": true}","{""aadhar"": ""XXXX XXXX 6543"", ""voter_id_linked"": true}",True
281,"{""postgresql_version"": ""13.4"", ""extensions"": ""postgis,pg_stat_statements""}","{""postgresql_version"": ""13.4"", ""extensions"": ""postgis,pg_stat_statements""}",False
282,"{""name"": ""Ranbir Kapoor"", ""email"": ""ranbir@movies.com"", ""ip_address"": ""117.196.148.205""}","{""name"": ""REDACTED_PII"", ""email"": ""REDACTED_PII"", ""ip_address"": ""REDACTED_PII""}",True
283,"{""consul_cluster"": ""3_agents"", ""leader_election"": true}","{""consul_cluster"": ""3_agents"", ""leader_election"": true}",False
284,"{""upi_id"": ""7654321098@paytm"", ""mobile_banking"": true}","{""upi_id"": ""76XXXX@paytm"", ""mobile_banking"": true}",True
285,"{""city"": ""Shimla"", ""altitude"": ""2205m""}","{""city"": ""Shimla"", ""altitude"": ""2205m""}",False
286,"{""phone"": ""8234567890"", ""wifi_calling"": true}","{""phone"": ""82XXXXXX90"", ""wifi_calling"": true}",True
287,"{""first_name"": ""Ishita"", ""language_skills"": ""Hindi,English,French""}","{""first_name"": ""Ishita"", ""language_skills"": ""Hindi,English,French""}",False
288,"{""name"": ""Hrithik Roshan"", ""address"": ""321 Juhu Beach, Mumbai, 400049"", ""email"": ""hrithik@superstar.in""}","{""name"": ""REDACTED_PII"", ""address"": ""REDACTED_PII"", ""email"": ""REDACTED_PII""}",True
289,"{""vault_secrets"": ""encrypted"", ""policies"": 8}","{""vault_secrets"": ""encrypted"", ""policies"": 8}",False
290,"{""passport"": ""D7418529"", ""photo_biometric"": true}","{""passport"": ""DXXXXXXX"", ""photo_biometric"": true}",True
291,"{""last_name"": ""Saxena"", ""workout_routine"": ""yoga""}","{""last_name"": ""Saxena"", ""workout_routine"": ""yoga""}",False
292,"{""aadhar"": ""456709876543"", ""driving_license_linked"": true}","{""aadhar"": ""XXXX XXXX 6543"", ""driving_license_linked"": true}",True
293,"{""kubernetes_ingress"": ""nginx"", ""ssl_termination"": true}","{""kubernetes_ingress"": ""nginx"", ""ssl_termination"": true}",False
294,"{""name"": ""Katrina Kaif"", ""phone"": ""7123456890"", ""email"": ""katrina@actress.com""}","{""name"": ""REDACTED_PII"", ""phone"": ""71XXXXXX90"", ""email"": ""REDACTED_PII""}",True
295,"{""etcd_cluster"": ""healthy"", ""raft_applied_index"": 1000000}","{""etcd_cluster"": ""healthy"", ""raft_applied_index"": 1000000}",False
296,"{""upi_id"": ""6543210987@okaxis"", ""joint_account"": false}","{""upi_id"": ""65XXXX@okaxis"", ""joint_account"": false}",True
297,"{""city"": ""Manali"", ""skiing_season"": ""winter""}","{""city"": ""Manali"", ""skiing_season"": ""winter""}",False
298,"{""phone"": ""9789012345"", ""conference_calling"": true}","{""phone"": ""97XXXXXX45"", ""conference_calling"": true}",True
299,"{""first_name"": ""Naman"", ""programming_language"": ""Python""}","{""first_name"": ""Naman"", ""programming_language"": ""Python""}",False
300,"{""name"": ""Priyanka Chopra"", ""address"": ""654 Versova, Mumbai, 400061"", ""ip_address"": ""59.144.187.92""}","{""name"": ""REDACTED_PII"", ""address"": ""REDACTED_PII"", ""ip_address"": ""REDACTED_PII""}",True
301,"{""istio_mesh"": ""enabled"", ""sidecar_injection"": true}","{""istio_mesh"": ""enabled"", ""sidecar_injection"": true}",False
302,"{""passport"": ""K1593574"", ""rfid_enabled"": true}","{""passport"": ""KXXXXXXX"", ""rfid_enabled"": true}",True
303,"{""last_name"": ""Tiwari"", ""meditation_practice"": ""mindfulness""}","{""last_name"": ""Tiwari"", ""meditation_practice"": ""mindfulness""}",False
304,"{""aadhar"": ""567890432109"", ""health_insurance_linked"": true}","{""aadhar"": ""XXXX XXXX 2109"", ""health_insurance_linked"": true}",True
305,"{""linkerd_proxy"": ""stable-2.11.1"", ""success_rate"": 99.9}","{""linkerd_proxy"": ""stable-2.11.1"", ""success_rate"": 99.9}",False
306,"{""name"": ""Akshay Kumar"", ""email"": ""akshay@actionhero.in"", ""device_id"": ""ACTOR123""}","{""name"": ""REDACTED_PII"", ""email"": ""REDACTED_PII"", ""device_id"": ""REDACTED_PII""}",True
307,"{""opentelemetry"": ""enabled"", ""traces_per_second"": 1000}","{""opentelemetry"": ""enabled"", ""traces_per_second"": 1000}",False
308,"{""upi_id"": ""5432109876@ybl"", ""credit_card_linked"": true}","{""upi_id"": ""54XXXX@ybl"", ""credit_card_linked"": true}",True
309,"{""city"": ""Ooty"", ""tea_gardens"": true}","{""city"": ""Ooty"", ""tea_gardens"": true}",False
310,"{""phone"": ""8012345678"", ""5g_enabled"": true}","{""phone"": ""80XXXXXX78"", ""5g_enabled"": true}",True
311,"{""first_name"": ""Sneha"", ""fitness_goal"": ""weight_loss""}","{""first_name"": ""Sneha"", ""fitness_goal"": ""weight_loss""}",False
312,"{""name"": ""Salman Khan"", ""address"": ""987 Galaxy Apartments, Mumbai, 400050"", ""phone"": ""9123456780""}","{""name"": ""REDACTED_PII"", ""address"": ""REDACTED_PII"", ""phone"": ""91XXXXXX80""}",True
313,"{""jaeger_tracing"": ""distributed"", ""spans_collected"": 50000}","{""jaeger_tracing"": ""distributed"", ""spans_collected"": 50000}",False
314,"{""passport"": ""M8630741"", ""biometric_exit"": true}","{""passport"": ""MXXXXXXX"", ""biometric_exit"": true}",True
315,"{""last_name"": ""Mahajan"", ""hobby"": ""painting""}","{""last_name"": ""Mahajan"", ""hobby"": ""painting""}",False
316,"{""aadhar"": ""678901543210"", ""life_insurance_linked"": true}","{""aadhar"": ""XXXX XXXX 3210"", ""life_insurance_linked"": true}",True
317,"{""zipkin_spans"": ""sampled"", ""sampling_rate"": 0.1}","{""zipkin_spans"": ""sampled"", ""sampling_rate"": 0.1}",False
318,"{""name"": ""Aamir Khan"", ""email"": ""aamir@perfectionist.com"", ""ip_address"": ""14.139.67.143""}","{""name"": ""REDACTED_PII"", ""email"": ""REDACTED_PII"", ""ip_address"": ""REDACTED_PII""}",True
319,"{""flagger_canary"": ""progressive"", ""success_threshold"": 99}","{""flagger_canary"": ""progressive"", ""success_threshold"": 99}",False
320,"{""upi_id"": ""4321098765@paytm"", ""fixed_deposit_linked"": true}","{""upi_id"": ""43XXXX@paytm"", ""fixed_deposit_linked"": true}",True
321,"{""city"": ""Nainital"", ""lake_city"": true}","{""city"": ""Nainital"", ""lake_city"": true}",False
322,"{""phone"": ""7345678901"", ""volte_enabled"": true}","{""phone"": ""73XXXXXX01"", ""volte_enabled"": true}",True
323,"{""first_name"": ""Rajat"", ""investment_portfolio"": ""balanced""}","{""first_name"": ""Rajat"", ""investment_portfolio"": ""balanced""}",False
324,"{""name"": ""Shah Rukh Khan"", ""address"": ""123 Mannat, Mumbai, 400050"", ""email"": ""srk@kingkhan.in""}","{""name"": ""REDACTED_PII"", ""address"": ""REDACTED_PII"", ""email"": ""REDACTED_PII""}",True
325,"{""argo_cd"": ""v2.4.0"", ""applications"": 15}","{""argo_cd"": ""v2.4.0"", ""applications"": 15}",False
326,"{""passport"": ""A7531864"", ""fast_track_eligible"": true}","{""passport"": ""AXXXXXXX"", ""fast_track_eligible"": true}",True
327,"{""last_name"": ""Verma"", ""social_media"": ""LinkedIn""}","{""last_name"": ""Verma"", ""social_media"": ""LinkedIn""}",False
328,"{""order_id"": ""ORD123456"", ""product_category"": ""Electronics"", ""status"": ""delivered""}","{""order_id"": ""ORD123456"", ""product_category"": ""Electronics"", ""status"": ""delivered""}",False
329,"{""transaction_id"": ""TXN789012"", ""payment_method"": ""credit_card"", ""amount"": 15000}","{""transaction_id"": ""TXN789012"", ""payment_method"": ""credit_card"", ""amount"": 15000}",False
330,"{""product_sku"": ""SKU456789"", ""brand"": ""Samsung"", ""rating"": 4.5}","{""product_sku"": ""SKU456789"", ""brand"": ""Samsung"", ""rating"": 4.5}",False
331,"{""campaign_id"": ""CAM123"", ""click_rate"": 0.045, ""conversion"": 0.12}","{""campaign_id"": ""CAM123"", ""click_rate"": 0.045, ""conversion"": 0.12}",False
332,"{""session_id"": ""SESS456"", ""page_views"": 8, ""bounce_rate"": 0.25}","{""session_id"": ""SESS456"", ""page_views"": 8, ""bounce_rate"": 0.25}",False
333,"{""warehouse_code"": ""WH001"", ""inventory_level"": 150, ""reorder_point"": 50}","{""warehouse_code"": ""WH001"", ""inventory_level"": 150, ""reorder_point"": 50}",False
334,"{""coupon_code"": ""SAVE20"", ""discount_percentage"": 20, ""usage_limit"": 1000}","{""coupon_code"": ""SAVE20"", ""discount_percentage"": 20, ""usage_limit"": 1000}",False
335,"{""api_key"": ""API789"", ""requests_per_minute"": 500, ""quota_exceeded"": false}","{""api_key"": ""API789"", ""requests_per_minute"": 500, ""quota_exceeded"": false}",False
336,"{""batch_id"": ""BATCH123"", ""processed_records"": 50000, ""error_count"": 12}","{""batch_id"": ""BATCH123"", ""processed_records"": 50000, ""error_count"": 12}",False
337,"{""log_entry"": ""INFO"", ""timestamp"": ""2024-01-20T10:30:00Z"", ""module"": ""payment_service""}","{""log_entry"": ""INFO"", ""timestamp"": ""2024-01-20T10:30:00Z"", ""module"": ""payment_service""}",False
338,"{""metric_name"": ""response_time"", ""value"": 120, ""unit"": ""milliseconds""}","{""metric_name"": ""response_time"", ""value"": 120, ""unit"": ""milliseconds""}",False
339,"{""feature_flag"": ""new_checkout"", ""enabled"": true, ""rollout_percentage"": 50}","{""feature_flag"": ""new_checkout"", ""enabled"": true, ""rollout_percentage"": 50}",False
340,"{""service_name"": ""user_service"", ""version"": ""v2.1.0"", ""health_status"": ""healthy""}","{""service_name"": ""user_service"", ""version"": ""v2.1.0"", ""health_status"": ""healthy""}",False
341,"{""database_name"": ""primary"", ""connection_pool"": 20, ""active_connections"": 15}","{""database_name"": ""primary"", ""connection_pool"": 20, ""active_connections"": 15}",False
342,"{""queue_name"": ""order_processing"", ""message_count"": 245, ""consumers"": 3}","{""queue_name"": ""order_processing"", ""message_count"": 245, ""consumers"": 3}",False
343,"{""cache_key"": ""user_profile_123"", ""ttl"": 3600, ""hit_ratio"": 0.85}","{""cache_key"": ""user_profile_123"", ""ttl"": 3600, ""hit_ratio"": 0.85}",False
344,"{""deployment_id"": ""DEP456"", ""environment"": ""production"", ""rollback_available"": true}","{""deployment_id"": ""DEP456"", ""environment"": ""production"", ""rollback_available"": true}",False
345,"{""alert_id"": ""ALT789"", ""severity"": ""warning"", ""acknowledged"": false}","{""alert_id"": ""ALT789"", ""severity"": ""warning"", ""acknowledged"": false}",False
346,"{""backup_id"": ""BAK123"", ""size"": ""2.5GB"", ""verification"": ""passed""}","{""backup_id"": ""BAK123"", ""size"": ""2.5GB"", ""verification"": ""passed""}",False
347,"{""test_suite"": ""integration_tests"", ""passed"": 145, ""failed"": 3}","{""test_suite"": ""integration_tests"", ""passed"": 145, ""failed"": 3}",False
348,"{""build_number"": ""BUILD789"", ""commit_hash"": ""abc123def"", ""deployment_time"": ""2024-01-20T14:25:00Z""}","{""build_number"": ""BUILD789"", ""commit_hash"": ""abc123def"", ""deployment_time"": ""2024-01-20T14:25:00Z""}",False
349,"{""region"": ""ap-south-1"", ""availability_zone"": ""ap-south-1a"", ""instance_type"": ""t3.medium""}","{""region"": ""ap-south-1"", ""availability_zone"": ""ap-south-1a"", ""instance_type"": ""t3.medium""}",False
350,"{""security_scan"": ""vulnerability_assessment"", ""high_risk"": 0, ""medium_risk"": 2}","{""security_scan"": ""vulnerability_assessment"", ""high_risk"": 0, ""medium_risk"": 2}",False
351,"{""load_balancer"": ""ALB"", ""target_groups"": 2, ""healthy_targets"": 6}","{""load_balancer"": ""ALB"", ""target_groups"": 2, ""healthy_targets"": 6}",False
352,"{""cdn_provider"": ""CloudFront"", ""cache_hit_ratio"": 0.92, ""origin_requests"": 1500}","{""cdn_provider"": ""CloudFront"", ""cache_hit_ratio"": 0.92, ""origin_requests"": 1500}",False
353,"{""ssl_certificate"": ""wildcard"", ""issuer"": ""Let's Encrypt"", ""expiry"": ""2024-12-31""}","{""ssl_certificate"": ""wildcard"", ""issuer"": ""Let's Encrypt"", ""expiry"": ""2024-12-31""}",False
354,"{""monitoring_dashboard"": ""system_overview"", ""widgets"": 12, ""refresh_interval"": 30}","{""monitoring_dashboard"": ""system_overview"", ""widgets"": 12, ""refresh_interval"": 30}",False
355,"{""compliance_check"": ""gdpr"", ""status"": ""compliant"", ""last_audit"": ""2024-01-01""}","{""compliance_check"": ""gdpr"", ""status"": ""compliant"", ""last_audit"": ""2024-01-01""}",False
356,"{""machine_learning_model"": ""recommendation_engine"", ""accuracy"": 0.89, ""training_data"": ""1M_samples""}","{""machine_learning_model"": ""recommendation_engine"", ""accuracy"": 0.89, ""training_data"": ""1M_samples""}",False
357,"{""data_pipeline"": ""etl_daily"", ""source"": ""mongodb"", ""destination"": ""data_warehouse""}","{""data_pipeline"": ""etl_daily"", ""source"": ""mongodb"", ""destination"": ""data_warehouse""}",False
358,"{""kubernetes_pod"": ""api-deployment-abc123"", ""cpu_usage"": ""65%"", ""memory_usage"": ""512MB""}","{""kubernetes_pod"": ""api-deployment-abc123"", ""cpu_usage"": ""65%"", ""memory_usage"": ""512MB""}",False
359,"{""docker_image"": ""app:v1.2.3"", ""size"": ""150MB"", ""layers"": 8}","{""docker_image"": ""app:v1.2.3"", ""size"": ""150MB"", ""layers"": 8}",False
360,"{""git_branch"": ""feature/new-ui"", ""commits_ahead"": 5, ""merge_conflicts"": false}","{""git_branch"": ""feature/new-ui"", ""commits_ahead"": 5, ""merge_conflicts"": false}",False
361,"{""network_interface"": ""eth0"", ""bytes_in"": 1048576, ""bytes_out"": 524288}","{""network_interface"": ""eth0"", ""bytes_in"": 1048576, ""bytes_out"": 524288}",False
362,"{""file_system"": ""/dev/sda1"", ""total_space"": ""100GB"", ""free_space"": ""25GB""}","{""file_system"": ""/dev/sda1"", ""total_space"": ""100GB"", ""free_space"": ""25GB""}",False
363,"{""process_id"": ""12345"", ""cpu_time"": ""2.5s"", ""memory_usage"": ""256MB""}","{""process_id"": ""12345"", ""cpu_time"": ""2.5s"", ""memory_usage"": ""256MB""}",False
364,"{""thread_pool"": ""worker_threads"", ""active_threads"": 8, ""queue_size"": 15}","{""thread_pool"": ""worker_threads"", ""active_threads"": 8, ""queue_size"": 15}",False
365,"{""garbage_collection"": ""G1GC"", ""pause_time"": ""10ms"", ""frequency"": ""every_30s""}","{""garbage_collection"": ""G1GC"", ""pause_time"": ""10ms"", ""frequency"": ""every_30s""}",False
366,"{""connection_string"": ""postgresql://localhost:5432/app_db"", ""max_connections"": 100, ""current_connections"": 45}","{""connection_string"": ""postgresql://localhost:5432/app_db"", ""max_connections"": 100, ""current_connections"": 45}",False
367,"{""search_index"": ""products_v2"", ""document_count"": 1000000, ""size"": ""2.1GB""}","{""search_index"": ""products_v2"", ""document_count"": 1000000, ""size"": ""2.1GB""}",False
368,"{""message_broker"": ""RabbitMQ"", ""exchange_type"": ""topic"", ""routing_key"": ""order.created""}","{""message_broker"": ""RabbitMQ"", ""exchange_type"": ""topic"", ""routing_key"": ""order.created""}",False
369,"{""streaming_platform"": ""Apache Kafka"", ""partition_count"": 12, ""replication_factor"": 3}","{""streaming_platform"": ""Apache Kafka"", ""partition_count"": 12, ""replication_factor"": 3}",False
370,"{""container_orchestrator"": ""Kubernetes"", ""namespace"": ""production"", ""pod_count"": 25}","{""container_orchestrator"": ""Kubernetes"", ""namespace"": ""production"", ""pod_count"": 25}",False
371,"{""microservice_architecture"": ""event_driven"", ""service_count"": 15, ""communication"": ""async""}","{""microservice_architecture"": ""event_driven"", ""service_count"": 15, ""communication"": ""async""}",False
372,"{""api_gateway"": ""Kong"", ""rate_limiting"": ""1000_rpm"", ""authentication"": ""JWT""}","{""api_gateway"": ""Kong"", ""rate_limiting"": ""1000_rpm"", ""authentication"": ""JWT""}",False
373,"{""service_mesh"": ""Istio"", ""sidecar_proxy"": ""Envoy"", ""mTLS_enabled"": true}","{""service_mesh"": ""Istio"", ""sidecar_proxy"": ""Envoy"", ""mTLS_enabled"": true}",False
374,"{""observability_stack"": ""ELK"", ""log_retention"": ""30_days"", ""alert_rules"": 25}","{""observability_stack"": ""ELK"", ""log_retention"": ""30_days"", ""alert_rules"": 25}",False
375,"{""aadhar"": ""789023456781"", ""address_verification"": ""completed"", ""timestamp"": ""2024-01-20T09:15:00Z""}","{""aadhar"": ""XXXX XXXX 6781"", ""address_verification"": ""completed"", ""timestamp"": ""2024-01-20T09:15:00Z""}",True
376,"{""name"": ""Arjun Kapoor"", ""email"": ""arjun.kapoor@film.in"", ""address"": ""456 Film City Road, Mumbai, 400059""}","{""name"": ""REDACTED_PII"", ""email"": ""REDACTED_PII"", ""address"": ""REDACTED_PII""}",True
377,"{""phone"": ""9876543210"", ""carrier_name"": ""Airtel"", ""plan_type"": ""postpaid""}","{""phone"": ""98XXXXXX10"", ""carrier_name"": ""Airtel"", ""plan_type"": ""postpaid""}",True
378,"{""upi_id"": ""arjun123@paytm"", ""linked_bank"": ""HDFC Bank"", ""kyc_status"": ""verified""}","{""upi_id"": ""arXXXX@paytm"", ""linked_bank"": ""HDFC Bank"", ""kyc_status"": ""verified""}",True
379,"{""passport"": ""P9876543"", ""issue_place"": ""Mumbai"", ""validity"": ""10_years""}","{""passport"": ""PXXXXXXX"", ""issue_place"": ""Mumbai"", ""validity"": ""10_years""}",True
380,"{""name"": ""Sonam Gupta"", ""phone"": ""8765432109"", ""email"": ""sonam@personal.in"", ""device_type"": ""Android""}","{""name"": ""REDACTED_PII"", ""phone"": ""87XXXXXX09"", ""email"": ""REDACTED_PII"", ""device_type"": ""Android""}",True
381,"{""aadhar"": ""890134567890"", ""biometric_status"": ""locked"", ""unlock_required"": true}","{""aadhar"": ""XXXX XXXX 7890"", ""biometric_status"": ""locked"", ""unlock_required"": true}",True
382,"{""name"": ""Vikash Singh"", ""address"": ""789 Sector 18, Noida, 201301"", ""ip_address"": ""203.88.156.72""}","{""name"": ""REDACTED_PII"", ""address"": ""REDACTED_PII"", ""ip_address"": ""REDACTED_PII""}",True
383,"{""phone"": ""7654321098"", ""international_code"": ""+91"", ""verified"": true}","{""phone"": ""76XXXXXX98"", ""international_code"": ""+91"", ""verified"": true}",True
384,"{""upi_id"": ""vikash@okaxis"", ""transaction_pin"": ""set"", ""daily_limit"": 100000}","{""upi_id"": ""viXXXX@okaxis"", ""transaction_pin"": ""set"", ""daily_limit"": 100000}",True
385,"{""passport"": ""L1234567"", ""photo_updated"": ""2024-01-15"", ""pages_left"": 32}","{""passport"": ""LXXXXXXX"", ""photo_updated"": ""2024-01-15"", ""pages_left"": 32}",True
386,"{""name"": ""Meera Sharma"", ""email"": ""meera.sharma@office.com"", ""department"": ""HR""}","{""name"": ""REDACTED_PII"", ""email"": ""REDACTED_PII"", ""department"": ""HR""}",True
387,"{""aadhar"": ""901245678901"", ""mobile_verification"": ""pending"", ""otp_sent"": true}","{""aadhar"": ""XXXX XXXX 8901"", ""mobile_verification"": ""pending"", ""otp_sent"": true}",True
388,"{""name"": ""Rohit Shetty"", ""address"": ""123 Andheri West, Mumbai, 400053"", ""phone"": ""8901234567""}","{""name"": ""REDACTED_PII"", ""address"": ""REDACTED_PII"", ""phone"": ""89XXXXXX67""}",True
389,"{""phone"": ""6789012345"", ""sms_service"": ""enabled"", ""promotional_consent"": false}","{""phone"": ""67XXXXXX45"", ""sms_service"": ""enabled"", ""promotional_consent"": false}",True
390,"{""upi_id"": ""rohit789@ybl"", ""beneficiary_limit"": 20, ""recent_transaction"": ""2024-01-20""}","{""upi_id"": ""roXXXX@ybl"", ""beneficiary_limit"": 20, ""recent_transaction"": ""2024-01-20""}",True
391,"{""passport"": ""A8765432"", ""emergency_contact_name"": ""Priya Shetty"", ""relationship"": ""spouse""}","{""passport"": ""AXXXXXXX"", ""emergency_contact_name"": ""Priya Shetty"", ""relationship"": ""spouse""}",True
392,"{""name"": ""Kavya Madhavan"", ""email"": ""kavya@actress.in"", ""ip_address"": ""117.196.152.38""}","{""name"": ""REDACTED_PII"", ""email"": ""REDACTED_PII"", ""ip_address"": ""REDACTED_PII""}",True
393,"{""aadhar"": ""012356789012"", ""demographic_auth"": ""success"", ""attempt_count"": 1}","{""aadhar"": ""XXXX XXXX 9012"", ""demographic_auth"": ""success"", ""attempt_count"": 1}",True
394,"{""name"": ""Ajay Devgan"", ""address"": ""567 Juhu Scheme, Mumbai, 400049"", ""email"": ""ajay@action.com""}","{""name"": ""REDACTED_PII"", ""address"": ""REDACTED_PII"", ""email"": ""REDACTED_PII""}",True
395,"{""phone"": ""9234567801"", ""call_log_consent"": true, ""privacy_setting"": ""medium""}","{""phone"": ""92XXXXXX01"", ""call_log_consent"": true, ""privacy_setting"": ""medium""}",True
396,"{""upi_id"": ""ajay@icici"", ""merchant_payments"": 15, ""last_settlement"": ""2024-01-19""}","{""upi_id"": ""ajXXXX@icici"", ""merchant_payments"": 15, ""last_settlement"": ""2024-01-19""}",True
397,"{""passport"": ""H9876543"", ""visa_pages"": 8, ""endorsement_pages"": 2}","{""passport"": ""HXXXXXXX"", ""visa_pages"": 8, ""endorsement_pages"": 2}",True
398,"{""name"": ""Tabu Khan"", ""phone"": ""8123456789"", ""email"": ""tabu@versatile.in""}","{""name"": ""REDACTED_PII"", ""phone"": ""81XXXXXX89"", ""email"": ""REDACTED_PII""}",True
399,"{""aadhar"": ""123467890123"", ""bank_seeding"": ""completed"", ""subsidy_linked"": true}","{""aadhar"": ""XXXX XXXX 0123"", ""bank_seeding"": ""completed"", ""subsidy_linked"": true}",True
400,"{""name"": ""Nawazuddin Siddiqui"", ""address"": ""890 Versova Link Road, Mumbai, 400061"", ""ip_address"": ""59.144.203.147""}","{""name"": ""REDACTED_PII"", ""address"": ""REDACTED_PII"", ""ip_address"": ""REDACTED_PII""}",True
401,"{""phone"": ""7890123456"", ""roaming_activated"": true, ""international_plan"": ""active""}","{""phone"": ""78XXXXXX56"", ""roaming_activated"": true, ""international_plan"": ""active""}",True
402,"{""upi_id"": ""nawaz@sbi"", ""family_account"": true, ""members_linked"": 4}","{""upi_id"": ""naXXXX@sbi"", ""family_account"": true, ""members_linked"": 4}",True
403,"{""passport"": ""T5678901"", ""chip_technology"": ""enabled"", ""security_features"": ""enhanced""}","{""passport"": ""TXXXXXXX"", ""chip_technology"": ""enabled"", ""security_features"": ""enhanced""}",True
404,"{""name"": ""Konkona Sen"", ""email"": ""konkona@independent.in"", ""device_id"": ""IPHONE789""}","{""name"": ""REDACTED_PII"", ""email"": ""REDACTED_PII"", ""device_id"": ""REDACTED_PII""}",True
405,"{""aadhar"": ""234578901234"", ""disability_flag"": false, ""senior_citizen"": false}","{""aadhar"": ""XXXX XXXX 1234"", ""disability_flag"": false, ""senior_citizen"": false}",True
406,"{""name"": ""Irrfan Khan"", ""address"": ""234 Hill Road, Mumbai, 400050"", ""phone"": ""6901234578""}","{""name"": ""REDACTED_PII"", ""address"": ""REDACTED_PII"", ""phone"": ""69XXXXXX78""}",True
407,"{""phone"": ""9567801234"", ""caller_tune"": ""enabled"", ""ringback_tone"": ""bollywood_classic""}","{""phone"": ""95XXXXXX34"", ""caller_tune"": ""enabled"", ""ringback_tone"": ""bollywood_classic""}",True
408,"{""upi_id"": ""irrfan@phonepe"", ""insurance_premium"": ""auto_debit"", ""policy_linked"": true}","{""upi_id"": ""irXXXX@phonepe"", ""insurance_premium"": ""auto_debit"", ""policy_linked"": true}",True
409,"{""passport"": ""K8765432"", ""place_of_birth"": ""Mumbai"", ""spouse_name"": ""Sutapa Sikdar""}","{""passport"": ""KXXXXXXX"", ""place_of_birth"": ""Mumbai"", ""spouse_name"": ""Sutapa Sikdar""}",True
410,"{""name"": ""Pankaj Tripathi"", ""email"": ""pankaj@character.in"", ""ip_address"": ""14.139.78.92""}","{""name"": ""REDACTED_PII"", ""email"": ""REDACTED_PII"", ""ip_address"": ""REDACTED_PII""}",True
411,"{""aadhar"": ""345689012345"", ""rural_address"": false, ""urban_classification"": true}","{""aadhar"": ""XXXX XXXX 2345"", ""rural_address"": false, ""urban_classification"": true}",True
412,"{""name"": ""Radhika Apte"", ""address"": ""678 Linking Road, Mumbai, 400054"", ""email"": ""radhika@bold.com""}","{""name"": ""REDACTED_PII"", ""address"": ""REDACTED_PII"", ""email"": ""REDACTED_PII""}",True
413,"{""phone"": ""8456789012"", ""missed_call_alert"": true, ""call_waiting"": ""enabled""}","{""phone"": ""84XXXXXX12"", ""missed_call_alert"": true, ""call_waiting"": ""enabled""}",True
414,"{""upi_id"": ""radhika@unionbank"", ""loan_emi"": ""auto_pay"", ""next_due"": ""2024-02-01""}","{""upi_id"": ""raXXXX@unionbank"", ""loan_emi"": ""auto_pay"", ""next_due"": ""2024-02-01""}",True
415,"{""passport"": ""R2345678"", ""frequent_traveler"": true, ""miles_accumulated"": 50000}","{""passport"": ""RXXXXXXX"", ""frequent_traveler"": true, ""miles_accumulated"": 50000}",True
416,"{""name"": ""Ayushmann Khurrana"", ""phone"": ""7345678901"", ""email"": ""ayushmann@versatile.in""}","{""name"": ""REDACTED_PII"", ""phone"": ""73XXXXXX01"", ""email"": ""REDACTED_PII""}",True
417,"{""aadhar"": ""456790123456"", ""health_id"": ""linked"", ""vaccination_status"": ""fully_vaccinated""}","{""aadhar"": ""XXXX XXXX 3456"", ""health_id"": ""linked"", ""vaccination_status"": ""fully_vaccinated""}",True
418,"{""name"": ""Bhumi Pednekar"", ""address"": ""789 Khar West, Mumbai, 400052"", ""ip_address"": ""122.161.94.205""}","{""name"": ""REDACTED_PII"", ""address"": ""REDACTED_PII"", ""ip_address"": ""REDACTED_PII""}",True
419,"{""phone"": ""9678901234"", ""network_type"": ""4G"", ""data_usage"": ""15GB_monthly""}","{""phone"": ""96XXXXXX34"", ""network_type"": ""4G"", ""data_usage"": ""15GB_monthly""}",True
420,"{""upi_id"": ""bhumi@kotak"", ""savings_goal"": ""home_purchase"", ""target_amount"": 5000000}","{""upi_id"": ""bhXXXX@kotak"", ""savings_goal"": ""home_purchase"", ""target_amount"": 5000000}",True
421,"{""passport"": ""S9012345"", ""digital_copy"": ""available"", ""qr_code"": ""generated""}","{""passport"": ""SXXXXXXX"", ""digital_copy"": ""available"", ""qr_code"": ""generated""}",True
422,"{""name"": ""Rajkummar Rao"", ""email"": ""rajkummar@method.in"", ""device_type"": ""Samsung""}","{""name"": ""REDACTED_PII"", ""email"": ""REDACTED_PII"", ""device_type"": ""Samsung""}",True
423,"{""aadhar"": ""567801234567"", ""aadhaar_pay"": ""enabled"", ""micro_atm"": ""registered""}","{""aadhar"": ""XXXX XXXX 4567"", ""aadhaar_pay"": ""enabled"", ""micro_atm"": ""registered""}",True
424,"{""name"": ""Kriti Sanon"", ""address"": ""123 Versova, Mumbai, 400061"", ""phone"": ""8789012345""}","{""name"": ""REDACTED_PII"", ""address"": ""REDACTED_PII"", ""phone"": ""87XXXXXX45""}",True
425,"{""phone"": ""6789012345"", ""backup_sim"": ""inactive"", ""primary_number"": true}","{""phone"": ""67XXXXXX45"", ""backup_sim"": ""inactive"", ""primary_number"": true}",True
426,"{""upi_id"": ""kriti@yesbank"", ""credit_score_check"": ""monthly"", ""current_score"": 785}","{""upi_id"": ""krXXXX@yesbank"", ""credit_score_check"": ""monthly"", ""current_score"": 785}",True
427,"{""passport"": ""C6789012"", ""biometric_data"": ""encrypted"", ""facial_recognition"": true}","{""passport"": ""CXXXXXXX"", ""biometric_data"": ""encrypted"", ""facial_recognition"": true}",True
428,"{""name"": ""Kartik Aaryan"", ""email"": ""kartik@comedy.in"", ""ip_address"": ""203.192.168.74""}","{""name"": ""REDACTED_PII"", ""email"": ""REDACTED_PII"", ""ip_address"": ""REDACTED_PII""}",True
429,"{""aadhar"": ""678912345678"", ""consent_manager"": ""registered"", ""data_sharing"": ""limited""}","{""aadhar"": ""XXXX XXXX 5678"", ""consent_manager"": ""registered"", ""data_sharing"": ""limited""}",True
430,"{""name"": ""Ananya Panday"", ""address"": ""456 Bandra Bandstand, Mumbai, 400050"", ""email"": ""ananya@gen_z.com""}","{""name"": ""REDACTED_PII"", ""address"": ""REDACTED_PII"", ""email"": ""REDACTED_PII""}",True
431,"{""phone"": ""7890123456"", ""video_calling"": true, ""screen_sharing"": ""enabled""}","{""phone"": ""78XXXXXX56"", ""video_calling"": true, ""screen_sharing"": ""enabled""}",True
432,"{""upi_id"": ""ananya@hdfcbank"", ""student_account"": true, ""education_loan"": ""linked""}","{""upi_id"": ""anXXXX@hdfcbank"", ""student_account"": true, ""education_loan"": ""linked""}",True
433,"{""passport"": ""N3456789"", ""minor_passport"": false, ""guardian_details"": ""not_applicable""}","{""passport"": ""NXXXXXXX"", ""minor_passport"": false, ""guardian_details"": ""not_applicable""}",True
434,"{""name"": ""Tiger Shroff"", ""phone"": ""8901234567"", ""email"": ""tiger@action.in""}","{""name"": ""REDACTED_PII"", ""phone"": ""89XXXXXX67"", ""email"": ""REDACTED_PII""}",True
435,"{""aadhar"": ""789023456789"", ""fitness_tracker"": ""linked"", ""health_records"": ""digital""}","{""aadhar"": ""XXXX XXXX 6789"", ""fitness_tracker"": ""linked"", ""health_records"": ""digital""}",True
436,"{""name"": ""Disha Patani"", ""address"": ""789 Khar Road, Mumbai, 400052"", ""ip_address"": ""117.196.187.56""}","{""name"": ""REDACTED_PII"", ""address"": ""REDACTED_PII"", ""ip_address"": ""REDACTED_PII""}",True
437,"{""phone"": ""9012345678"", ""ai_assistant"": ""enabled"", ""voice_recognition"": true}","{""phone"": ""90XXXXXX78"", ""ai_assistant"": ""enabled"", ""voice_recognition"": true}",True
438,"{""upi_id"": ""disha@axis"", ""fashion_expenses"": ""tracked"", ""budget_alert"": true}","{""upi_id"": ""diXXXX@axis"", ""fashion_expenses"": ""tracked"", ""budget_alert"": true}",True
439,"{""passport"": ""D7890123"", ""travel_insurance"": ""comprehensive"", ""coverage"": ""worldwide""}","{""passport"": ""DXXXXXXX"", ""travel_insurance"": ""comprehensive"", ""coverage"": ""worldwide""}",True
440,"{""name"": ""Vicky Kaushal"", ""email"": ""vicky@intense.in"", ""device_id"": ""ONEPLUS123""}","{""name"": ""REDACTED_PII"", ""email"": ""REDACTED_PII"", ""device_id"": ""REDACTED_PII""}",True
441,"{""aadhar"": ""890134567890"", ""military_service"": ""eligible"", ""ncc_certificate"": true}","{""aadhar"": ""XXXX XXXX 7890"", ""military_service"": ""eligible"", ""ncc_certificate"": true}",True
442,"{""name"": ""Kiara Advani"", ""address"": ""321 Juhu Tara Road, Mumbai, 400049"", ""phone"": ""7123456890""}","{""name"": ""REDACTED_PII"", ""address"": ""REDACTED_PII"", ""phone"": ""71XXXXXX90""}",True
443,"{""phone"": ""8234567890"", ""conference_call"": ""premium"", ""participants_limit"": 50}","{""phone"": ""82XXXXXX90"", ""conference_call"": ""premium"", ""participants_limit"": 50}",True
444,"{""upi_id"": ""kiara@indianbank"", ""jewelry_insurance"": ""active"", ""premium"": ""monthly""}","{""upi_id"": ""kiXXXX@indianbank"", ""jewelry_insurance"": ""active"", ""premium"": ""monthly""}",True
445,"{""passport"": ""V4567890"", ""diplomatic_immunity"": false, ""official_travel"": ""business""}","{""passport"": ""VXXXXXXX"", ""diplomatic_immunity"": false, ""official_travel"": ""business""}",True
446,"{""name"": ""Sidharth Malhotra"", ""email"": ""sidharth@romantic.in"", ""ip_address"": ""59.144.219.83""}","{""name"": ""REDACTED_PII"", ""email"": ""REDACTED_PII"", ""ip_address"": ""REDACTED_PII""}",True
447,"{""aadhar"": ""901245678901"", ""property_registration"": ""linked"", ""stamp_duty"": ""paid""}","{""aadhar"": ""XXXX XXXX 8901"", ""property_registration"": ""linked"", ""stamp_duty"": ""paid""}",True
448,"{""name"": ""Shraddha Kapoor"", ""address"": ""654 Lokhandwala, Mumbai, 400053"", ""email"": ""shraddha@melodious.com""}","{""name"": ""REDACTED_PII"", ""address"": ""REDACTED_PII"", ""email"": ""REDACTED_PII""}",True
449,"{""phone"": ""9345678012"", ""music_streaming"": ""premium"", ""offline_downloads"": 500}","{""phone"": ""93XXXXXX12"", ""music_streaming"": ""premium"", ""offline_downloads"": 500}",True
450,"{""upi_id"": ""shraddha@pnb"", ""concert_tickets"": ""auto_book"", ""artist_alerts"": true}","{""upi_id"": ""shXXXX@pnb"", ""concert_tickets"": ""auto_book"", ""artist_alerts"": true}",True
451,"{""passport"": ""U8901234"", ""artist_visa"": ""multi_entry"", ""performance_permit"": true}","{""passport"": ""UXXXXXXX"", ""artist_visa"": ""multi_entry"", ""performance_permit"": true}",True
452,"{""name"": ""Varun Sharma"", ""phone"": ""8456789012"", ""email"": ""varun@comedy.in""}","{""name"": ""REDACTED_PII"", ""phone"": ""84XXXXXX12"", ""email"": ""REDACTED_PII""}",True
453,"{""aadhar"": ""012356789012"", ""comedy_club"": ""member"", ""performance_rights"": ""registered""}","{""aadhar"": ""XXXX XXXX 9012"", ""comedy_club"": ""member"", ""performance_rights"": ""registered""}",True
454,"{""name"": ""Janhvi Kapoor"", ""address"": ""987 Lokhandwala Complex, Mumbai, 400053"", ""ip_address"": ""203.88.194.127""}","{""name"": ""REDACTED_PII"", ""address"": ""REDACTED_PII"", ""ip_address"": ""REDACTED_PII""}",True
455,"{""phone"": ""7567890123"", ""fashion_alerts"": true, ""brand_notifications"": ""selective""}","{""phone"": ""75XXXXXX23"", ""fashion_alerts"": true, ""brand_notifications"": ""selective""}",True
456,"{""upi_id"": ""janhvi@canara"", ""designer_payments"": ""frequent"", ""luxury_limit"": 1000000}","{""upi_id"": ""jaXXXX@canara"", ""designer_payments"": ""frequent"", ""luxury_limit"": 1000000}",True
457,"{""passport"": ""F5678901"", ""fashion_week"": ""participant"", ""designer_collaboration"": true}","{""passport"": ""FXXXXXXX"", ""fashion_week"": ""participant"", ""designer_collaboration"": true}",True
458,"{""name"": ""Arjun Reddy"", ""email"": ""arjun@intense.in"", ""device_type"": ""OnePlus""}","{""name"": ""REDACTED_PII"", ""email"": ""REDACTED_PII"", ""device_type"": ""OnePlus""}",True
459,"{""aadhar"": ""123467890123"", ""medical_college"": ""alumni"", ""practicing_license"": ""valid""}","{""aadhar"": ""XXXX XXXX 0123"", ""medical_college"": ""alumni"", ""practicing_license"": ""valid""}",True
460,"{""name"": ""Rashmika Mandanna"", ""address"": ""234 Banjara Hills, Hyderabad, 500034"", ""phone"": ""9678901234""}","{""name"": ""REDACTED_PII"", ""address"": ""REDACTED_PII"", ""phone"": ""96XXXXXX34""}",True
461,"{""phone"": ""6890123456"", ""regional_content"": ""Telugu"", ""dubbing_preference"": ""original""}","{""phone"": ""68XXXXXX56"", ""regional_content"": ""Telugu"", ""dubbing_preference"": ""original""}",True
462,"{""upi_id"": ""rashmika@sbi"", ""south_cinema"": ""promotions"", ""fan_engagement"": ""high""}","{""upi_id"": ""raXXXX@sbi"", ""south_cinema"": ""promotions"", ""fan_engagement"": ""high""}",True
463,"{""passport"": ""G6789012"", ""regional_cinema"": ""ambassador"", ""cultural_exchange"": true}","{""passport"": ""GXXXXXXX"", ""regional_cinema"": ""ambassador"", ""cultural_exchange"": true}",True
464,"{""name"": ""Allu Arjun"", ""email"": ""allu@stylish.in"", ""ip_address"": ""14.139.89.156""}","{""name"": ""REDACTED_PII"", ""email"": ""REDACTED_PII"", ""ip_address"": ""REDACTED_PII""}",True
465,"{""aadhar"": ""234578901234"", ""dance_academy"": ""owner"", ""choreography_rights"": ""exclusive""}","{""aadhar"": ""XXXX XXXX 1234"", ""dance_academy"": ""owner"", ""choreography_rights"": ""exclusive""}",True
466,"{""name"": ""Samantha Akkineni"", ""address"": ""567 Film Nagar, Hyderabad, 500096"", ""email"": ""samantha@versatile.in""}","{""name"": ""REDACTED_PII"", ""address"": ""REDACTED_PII"", ""email"": ""REDACTED_PII""}",True
467,"{""phone"": ""8901234567"", ""charity_work"": ""active"", ""foundation_calls"": ""priority""}","{""phone"": ""89XXXXXX67"", ""charity_work"": ""active"", ""foundation_calls"": ""priority""}",True
468,"{""upi_id"": ""samantha@hdfc"", ""donation_auto"": ""monthly"", ""cause"": ""women_empowerment""}","{""upi_id"": ""saXXXX@hdfc"", ""donation_auto"": ""monthly"", ""cause"": ""women_empowerment""}",True
469,"{""passport"": ""I9012345"", ""humanitarian_visa"": ""active"", ""ngo_collaboration"": true}","{""passport"": ""IXXXXXXX"", ""humanitarian_visa"": ""active"", ""ngo_collaboration"": true}",True
470,"{""name"": ""Ram Charan"", ""phone"": ""7234567890"", ""email"": ""ram@megastar.in""}","{""name"": ""REDACTED_PII"", ""phone"": ""72XXXXXX90"", ""email"": ""REDACTED_PII""}",True
471,"{""aadhar"": ""345689012345"", ""horse_racing"": ""license"", ""stable_owner"": true}","{""aadhar"": ""XXXX XXXX 2345"", ""horse_racing"": ""license"", ""stable_owner"": true}",True
472,"{""name"": ""Jr NTR"", ""address"": ""890 Jubilee Hills, Hyderabad, 500033"", ""ip_address"": ""122.161.178.94""}","{""name"": ""REDACTED_PII"", ""address"": ""REDACTED_PII"", ""ip_address"": ""REDACTED_PII""}",True
473,"{""phone"": ""8345678901"", ""political_updates"": ""subscribed"", ""rally_notifications"": true}","{""phone"": ""83XXXXXX01"", ""political_updates"": ""subscribed"", ""rally_notifications"": true}",True
474,"{""upi_id"": ""ntr@andhra"", ""political_donations"": ""transparent"", ""party_fund"": ""contributor""}","{""upi_id"": ""ntXXXX@andhra"", ""political_donations"": ""transparent"", ""party_fund"": ""contributor""}",True
475,"{""passport"": ""J0123456"", ""political_visa"": ""diplomatic"", ""state_visits"": ""official""}","{""passport"": ""JXXXXXXX"", ""political_visa"": ""diplomatic"", ""state_visits"": ""official""}",True
476,"{""name"": ""Mahesh Babu"", ""email"": ""mahesh@superstar.in"", ""device_id"": ""PRINCE123""}","{""name"": ""REDACTED_PII"", ""email"": ""REDACTED_PII"", ""device_id"": ""REDACTED_PII""}",True
477,"{""aadhar"": ""456790123456"", ""production_house"": ""owner"", ""film_financing"": ""independent""}","{""aadhar"": ""XXXX XXXX 3456"", ""production_house"": ""owner"", ""film_financing"": ""independent""}",True
478,"{""name"": ""Prabhas Raju"", ""address"": ""123 Banjara Hills, Hyderabad, 500034"", ""phone"": ""9456789012""}","{""name"": ""REDACTED_PII"", ""address"": ""REDACTED_PII"", ""phone"": ""94XXXXXX12""}",True
479,"{""phone"": ""7678901234"", ""pan_india"": ""stardom"", ""multilingual_alerts"": true}","{""phone"": ""76XXXXXX34"", ""pan_india"": ""stardom"", ""multilingual_alerts"": true}",True
480,"{""upi_id"": ""prabhas@federal"", ""movie_budget"": ""international"", ""currency"": ""multi""}","{""upi_id"": ""prXXXX@federal"", ""movie_budget"": ""international"", ""currency"": ""multi""}",True
481,"{""passport"": ""B3456789"", ""international_filming"": ""permitted"", ""visa_facilitation"": true}","{""passport"": ""BXXXXXXX"", ""international_filming"": ""permitted"", ""visa_facilitation"": true}",True
482,"{""name"": ""Rana Daggubati"", ""email"": ""rana@versatile.in"", ""ip_address"": ""203.192.147.29""}","{""name"": ""REDACTED_PII"", ""email"": ""REDACTED_PII"", ""ip_address"": ""REDACTED_PII""}",True
483,"{""aadhar"": ""567801234567"", ""visual_effects"": ""studio_owner"", ""technology_innovator"": true}","{""aadhar"": ""XXXX XXXX 4567"", ""visual_effects"": ""studio_owner"", ""technology_innovator"": true}",True
484,"{""name"": ""Anushka Shetty"", ""address"": ""456 Filmnagar, Hyderabad, 500096"", ""email"": ""anushka@baahubali.in""}","{""name"": ""REDACTED_PII"", ""address"": ""REDACTED_PII"", ""email"": ""REDACTED_PII""}",True
485,"{""phone"": ""8567890123"", ""fitness_regime"": ""strict"", ""trainer_calls"": ""daily""}","{""phone"": ""85XXXXXX23"", ""fitness_regime"": ""strict"", ""trainer_calls"": ""daily""}",True
486,"{""upi_id"": ""anushka@karnataka"", ""fitness_equipment"": ""premium"", ""health_monitoring"": ""advanced""}","{""upi_id"": ""anXXXX@karnataka"", ""fitness_equipment"": ""premium"", ""health_monitoring"": ""advanced""}",True
487,"{""passport"": ""E4567890"", ""fitness_travel"": ""wellness"", ""spa_treatments"": ""international""}","{""passport"": ""EXXXXXXX"", ""fitness_travel"": ""wellness"", ""spa_treatments"": ""international""}",True
488,"{""name"": ""Tamannaah Bhatia"", ""phone"": ""9789012345"", ""email"": ""tamannah@glamorous.in""}","{""name"": ""REDACTED_PII"", ""phone"": ""97XXXXXX45"", ""email"": ""REDACTED_PII""}",True
489,"{""aadhar"": ""678912345678"", ""brand_ambassador"": ""multiple"", ""endorsement_value"": ""premium""}","{""aadhar"": ""XXXX XXXX 5678"", ""brand_ambassador"": ""multiple"", ""endorsement_value"": ""premium""}",True
490,"{""name"": ""Kajal Aggarwal"", ""address"": ""789 Banjara Hills, Hyderabad, 500034"", ""ip_address"": ""117.196.203.81""}","{""name"": ""REDACTED_PII"", ""address"": ""REDACTED_PII"", ""ip_address"": ""REDACTED_PII""}",True
491,"{""phone"": ""6123456789"", ""punjabi_connection"": ""cultural"", ""regional_films"": ""multilingual""}","{""phone"": ""61XXXXXX89"", ""punjabi_connection"": ""cultural"", ""regional_films"": ""multilingual""}",True
492,"{""upi_id"": ""kajal@punjab"", ""cultural_events"": ""sponsor"", ""heritage_preservation"": ""donor""}","{""upi_id"": ""kaXXXX@punjab"", ""cultural_events"": ""sponsor"", ""heritage_preservation"": ""donor""}",True
493,"{""passport"": ""L7890123"", ""cultural_ambassador"": ""official"", ""international_events"": ""participant""}","{""passport"": ""LXXXXXXX"", ""cultural_ambassador"": ""official"", ""international_events"": ""participant""}",True
494,"{""name"": ""Rakul Preet Singh"", ""email"": ""rakul@fitness.in"", ""device_type"": ""iPhone_Pro""}","{""name"": ""REDACTED_PII"", ""email"": ""REDACTED_PII"", ""device_type"": ""iPhone_Pro""}",True
495,"{""aadhar"": ""789023456789"", ""fitness_influencer"": ""certified"", ""wellness_brand"": ""founder""}","{""aadhar"": ""XXXX XXXX 6789"", ""fitness_influencer"": ""certified"", ""wellness_brand"": ""founder""}",True
496,"{""name"": ""Pooja Hegde"", ""address"": ""321 Film City, Hyderabad, 500096"", ""phone"": ""8234567890""}","{""name"": ""REDACTED_PII"", ""address"": ""REDACTED_PII"", ""phone"": ""82XXXXXX90""}",True
497,"{""phone"": ""7890123456"", ""dance_choreography"": ""skilled"", ""performance_rights"": ""exclusive""}","{""phone"": ""78XXXXXX56"", ""dance_choreography"": ""skilled"", ""performance_rights"": ""exclusive""}",True
498,"{""upi_id"": ""pooja@maharashtra"", ""dance_academy"": ""investment"", ""cultural_promotion"": ""active""}","{""upi_id"": ""poXXXX@maharashtra"", ""dance_academy"": ""investment"", ""cultural_promotion"": ""active""}",True
499,"{""passport"": ""M8901234"", ""dance_festivals"": ""judge"", ""international_recognition"": true}","{""passport"": ""MXXXXXXX"", ""dance_festivals"": ""judge"", ""international_recognition"": true}",True
500,"{""name"": ""Regina Cassandra"", ""email"": ""regina@multilingual.in"", ""ip_address"": ""59.144.238.195""}","{""name"": ""REDACTED_PII"", ""email"": ""REDACTED_PII"", ""ip_address"": ""REDACTED_PII""}",True
